fl,tl,TL - FL,w,pit,sx,d,m,y,site,,,,,,,,,,,,,,,,,
251,285,34,163,9.00228E+14,f,8,5,2017,cbcl,,,,,,,,,,,,,,,,,
252,287,35,238,9.00228E+14,f,8,5,2017,cbcl,,,,,,,,,,,,,,,,,
235,270,35,188,9.00228E+14,m,8,5,2017,cbcl,,,,,,,,,,,,,,,,,
210,236,26,116,9.00228E+14,m,8,5,2017,cbcl,,,,,,,,,,,,,,,,,
198,229,31,106,9.00228E+14,m,8,5,2017,cbcl,,,,,,,,,,,,,,,,,
259,298,39,255,9.00228E+14,f,8,5,2017,cbcl,,,,,,,,,,,,,,,,,
237,266,29,190,9.00228E+14,m,8,5,2017,cbcl,,,,,,,,,,,,,,,,,
260,288,28,266,9.00228E+14,f,8,5,2017,cbcl,,,,,,,,,,,,,,,,,
259,291,32,222,9.00228E+14,m,8,5,2017,cbcl,,,,,,,,,,,,,,,,,
248,286,38,213,9.00228E+14,f,8,5,2017,cbcl,,,,,,,,,,,,,,,,,
247,284,37,255,9.00228E+14,f,8,5,2017,cbcl,,,,,,,,,,,,,,,,,
226,261,35,161,9.00228E+14,m,8,5,2017,cbcl,,,,,,,,,,,,,,,,,
235,267,32,197,9.00228E+14,m,8,5,2017,cbcl,,,,,,,,,,,,,,,,,
247,284,37,207,9.00228E+14,f,8,5,2017,cbcl,,,,,,,,,,,,,,,,,
258,294,36,259,9.00228E+14,f,8,5,2017,cbcl,,,,,,,,,,,,,,,,,
236,271,35,194,9.00228E+14,m,8,5,2017,cbcl,,,,,,,,,,,,,,,,,
252,275,23,197,9.00228E+14,m,8,5,2017,cbcl,,,,,,,,,,,,,,,,,
269,296,27,253,9.00228E+14,m,8,5,2017,cbcl,,,,,,,,,,,,,,,,,
243,276,33,189,9.00228E+14,m,8,5,2017,cbcl,,,,,,,,,,,,,,,,,
240,273,33,207,9.00228E+14,m,8,5,2017,cbcl,,,,,,,,,,,,,,,,,
240,275,35,192,9.00228E+14,m,8,5,2017,cbcl,,,,,,,,,,,,,,,,,
235,264,29,170,9.00228E+14,m,8,5,2017,cbcl,,,,,,,,,,,,,,,,,
219,256,37,148,9.00228E+14,m,8,5,2017,cbcl,,,,,,,,,,,,,,,,,
255,288,33,250,9.00228E+14,f,8,5,2017,cbcl,,,,,,,,,,,,,,,,,
266,303,37,295,9.00228E+14,f,8,5,2017,cbcl,,,,,,,,,,,,,,,,,
240,275,35,208,9.00228E+14,m,8,5,2017,cbcl,,,,,,,,,,,,,,,,,
260,295,35,277,9.00228E+14,f,8,5,2017,cbcl,,,,,,,,,,,,,,,,,
235,269,34,197,9.00228E+14,f,8,5,2017,cbcl,,,,,,,,,,,,,,,,,
250,287,37,242,9.00228E+14,f,8,5,2017,cbcl,,,,,,,,,,,,,,,,,
250,282,32,202,9.00228E+14,f,8,5,2017,cbcl,,,,,,,,,,,,,,,,,
253,286,33,216,9.00228E+14,f,8,5,2017,cbcl,,,,,,,,,,,,,,,,,
260,297,37,224,9.00228E+14,f,8,5,2017,cbcl,,,,,,,,,,,,,,,,,
249,285,36,220,9.00228E+14,f,8,5,2017,cbcl,,,,,,,,,,,,,,,,,
238,270,32,170,9.00228E+14,f,8,5,2017,cbcl,,,,,,,,,,,,,,,,,
260,300,40,239,9.00228E+14,f,8,5,2017,cbcl,,,,,,,,,,,,,,,,,
232,267,35,192,9.00228E+14,m,8,5,2017,cbcl,,,,,,,,,,,,,,,,,
226,260,34,166,9.00228E+14,m,8,5,2017,cbcl,,,,,,,,,,,,,,,,,
241,275,34,210,9.00228E+14,m,8,5,2017,cbcl,,,,,,,,,,,,,,,,,
256,295,39,254,9.00228E+14,f,8,5,2017,cbcl,,,,,,,,,,,,,,,,,
240,275,35,190,9.00228E+14,f,8,5,2017,cbcl,,,,,,,,,,,,,,,,,
256,295,39,350,9.00228E+14,f,8,5,2017,cbcl,,,,,,,,,,,,,,,,,
235,268,33,190,9.00228E+14,m,8,5,2017,cbcl,,,,,,,,,,,,,,,,,
200,235,35,134,9.00228E+14,m,8,5,2017,cbcl,,,,,,,,,,,,,,,,,
225,260,35,150,9.00228E+14,m,8,5,2017,cbcl,,,,,,,,,,,,,,,,,
230,260,30,174,9.00228E+14,f,8,5,2017,cbcl,,,,,,,,,,,,,,,,,
195,221,26,99,9.00228E+14,m,8,5,2017,cbcl,,,,,,,,,,,,,,,,,
248,281,33,220,9.00228E+14,f,8,5,2017,cbcl,,,,,,,,,,,,,,,,,
214,246,32,143,9.00228E+14,f,8,5,2017,cbcl,,,,,,,,,,,,,,,,,
259,296,37,254,9.00228E+14,f,8,5,2017,cbcl,,,,,,,,,,,,,,,,,
221,254,33,146,9.00228E+14,m,8,5,2017,cbcl,,,,,,,,,,,,,,,,,
243,276,33,197,9.00228E+14,m,8,5,2017,cbcl,,,,,,,,,,,,,,,,,
234,265,31,202,9.00228E+14,m,8,5,2017,cbcl,,,,,,,,,,,,,,,,,
228,255,27,191,9.00228E+14,m,8,5,2017,cbcl,,,,,,,,,,,,,,,,,
248,291,43,261,9.00228E+14,f,8,5,2017,cbcl,,,,,,,,,,,,,,,,,
224,266,42,204,9.00228E+14,m,8,5,2017,cbcl,,,,,,,,,,,,,,,,,
245,278,33,207,9.00228E+14,m,8,5,2017,cbcl,,,,,,,,,,,,,,,,,
218,248,30,136,9.00228E+14,m,8,5,2017,cbcl,,,,,,,,,,,,,,,,,
240,277,37,217,9.00228E+14,f,8,5,2017,cbcl,,,,,,,,,,,,,,,,,
254,291,37,225,9.00228E+14,f,8,5,2017,cbcl,,,,,,,,,,,,,,,,,
220,251,31,151,9.00228E+14,m,8,5,2017,cbcl,,,,,,,,,,,,,,,,,
231,255,24,193,9.00228E+14,m,8,5,2017,cbcl,,,,,,,,,,,,,,,,,
248,285,37,212,9.00228E+14,f,10,5,2017,cbcl,,,,,,,,,,,,,,,,,
244,278,34,191,9.00228E+14,m,10,5,2017,cbcl,,,,,,,,,,,,,,,,,
239,272,33,206,9.00228E+14,f,10,5,2017,cbcl,,,,,,,,,,,,,,,,,
245,280,35,221,9.00228E+14,f,10,5,2017,cbcl,,,,,,,,,,,,,,,,,
238,268,30,246,9.00228E+14,f,10,5,2017,cbcl,,,,,,,,,,,,,,,,,
262,304,42,276,9.00228E+14,f,10,5,2017,cbcl,,,,,,,,,,,,,,,,,
243,277,34,171,9.00228E+14,m,10,5,2017,cbcl,,,,,,,,,,,,,,,,,
239,269,30,195,9.00228E+14,m,10,5,2017,cbcl,,,,,,,,,,,,,,,,,
225,259,34,177,9.00228E+14,m,10,5,2017,cbcl,,,,,,,,,,,,,,,,,
223,258,35,159,9.00228E+14,m,10,5,2017,cbcl,,,,,,,,,,,,,,,,,
247,281,34,222,9.00228E+14,m,10,5,2017,cbcl,,,,,,,,,,,,,,,,,
236,269,33,202,9.00228E+14,m,10,5,2017,cbcl,,,,,,,,,,,,,,,,,
237,272,35,173,9.00228E+14,m,10,5,2017,cbcl,,,,,,,,,,,,,,,,,
245,278,33,206,9.00228E+14,f,10,5,2017,cbcl,,,,,,,,,,,,,,,,,
254,292,38,254,9.00228E+14,f,11,5,2017,cbcl,,,,,,,,,,,,,,,,,
265,307,42,336,9.00228E+14,f,11,5,2017,cbcl,,,,,,,,,,,,,,,,,
226,253,27,161,9.00228E+14,f,11,5,2017,cbcl,,,,,,,,,,,,,,,,,
247,284,37,259,9.00228E+14,f,11,5,2017,cbcl,,,,,,,,,,,,,,,,,
243,276,33,211,9.00228E+14,f,11,5,2017,cbcl,,,,,,,,,,,,,,,,,
216,246,30,174,9.00228E+14,f,11,5,2017,cbcl,,,,,,,,,,,,,,,,,
237,263,26,209,9.00228E+14,m,11,5,2017,cbcl,,,,,,,,,,,,,,,,,
214,239,25,138,9.00228E+14,m,11,5,2017,cbcl,,,,,,,,,,,,,,,,,
227,257,30,161,9.00228E+14,m,11,5,2017,cbcl,,,,,,,,,,,,,,,,,
216,251,35,129,9.00228E+14,f,22,5,2017,cbcl,,,,,,,,,,,,,,,,,
208,236,28,123,9.00228E+14,m,22,5,2017,cbcl,,,,,,,,,,,,,,,,,
255,290,35,213,9.00228E+14,f,22,5,2017,cbcl,,,,,,,,,,,,,,,,,
233,266,33,170,9.00228E+14,m,22,5,2017,cbcl,,,,,,,,,,,,,,,,,
198,228,30,107,9.00228E+14,m,22,5,2017,cbcl,,,,,,,,,,,,,,,,,
229,259,30,139,9.00228E+14,m,22,5,2017,cbcl,,,,,,,,,,,,,,,,,
225,257,32,165,9.00228E+14,f,22,5,2017,cbcl,,,,,,,,,,,,,,,,,
254,291,37,249,9.00228E+14,f,22,5,2017,cbcl,,,,,,,,,,,,,,,,,
235,268,33,194,9.00228E+14,m,22,5,2017,cbcl,,,,,,,,,,,,,,,,,
253,282,29,233,9.00228E+14,f,22,5,2017,cbcl,,,,,,,,,,,,,,,,,
211,241,30,123,9.00228E+14,m,23,5,2017,cbcl,,,,,,,,,,,,,,,,,
233,267,34,185,9.00228E+14,f,23,5,2017,cbcl,,,,,,,,,,,,,,,,,
246,279,33,213,9.00228E+14,m,23,5,2017,cbcl,,,,,,,,,,,,,,,,,
262,298,36,285,9.00228E+14,f,23,5,2017,cbcl,,,,,,,,,,,,,,,,,
251,282,31,219,9.00228E+14,f,23,5,2017,cbcl,,,,,,,,,,,,,,,,,
241,279,38,220,9.00228E+14,f,23,5,2017,cbcl,,,,,,,,,,,,,,,,,
204,233,29,109,9.00228E+14,m,23,5,2017,cbcl,,,,,,,,,,,,,,,,,
246,283,37,210,9.00228E+14,f,23,5,2017,cbcl,,,,,,,,,,,,,,,,,
255,291,36,246,9.00228E+14,m,23,5,2017,cbcl,,,,,,,,,,,,,,,,,
229,260,31,186,9.00228E+14,f,23,5,2017,cbcl,,,,,,,,,,,,,,,,,
225,253,28,147,9.00228E+14,m,23,5,2017,cbcl,,,,,,,,,,,,,,,,,
226,260,34,170,9.00228E+14,m,23,5,2017,cbcl,,,,,,,,,,,,,,,,,
210,241,31,151,9.00228E+14,f,23,5,2017,cbcl,,,,,,,,,,,,,,,,,
244,281,37,231,9.00228E+14,f,23,5,2017,cbcl,,,,,,,,,,,,,,,,,
235,268,33,183,9.00228E+14,m,23,5,2017,cbcl,,,,,,,,,,,,,,,,,
227,258,31,159,9.00228E+14,m,23,5,2017,cbcl,,,,,,,,,,,,,,,,,
223,254,31,164,9.00228E+14,f,23,5,2017,cbcl,,,,,,,,,,,,,,,,,
245,279,34,225,9.00228E+14,m,23,5,2017,cbcl,,,,,,,,,,,,,,,,,
237,268,31,219,9.00228E+14,m,23,5,2017,cbcl,,,,,,,,,,,,,,,,,
230,265,35,195,9.00228E+14,m,23,5,2017,cbcl,,,,,,,,,,,,,,,,,
244,277,33,219,9.00228E+14,f,23,5,2017,cbcl,,,,,,,,,,,,,,,,,
209,234,25,145,9.00228E+14,m,23,5,2017,cbcl,,,,,,,,,,,,,,,,,
215,242,27,125,9.00228E+14,m,23,5,2017,cbcl,,,,,,,,,,,,,,,,,
237,267,30,198,9.00228E+14,m,23,5,2017,cbcl,,,,,,,,,,,,,,,,,
245,270,25,179,9.00228E+14,m,23,5,2017,cbcl,,,,,,,,,,,,,,,,,
243,275,32,235,9.00228E+14,f,23,5,2017,cbcl,,,,,,,,,,,,,,,,,
205,232,27,124,9.00228E+14,m,23,5,2017,cbcl,,,,,,,,,,,,,,,,,
227,264,37,184,9.00228E+14,m,23,5,2017,cbcl,,,,,,,,,,,,,,,,,
200,230,30,196,9.00228E+14,m,23,5,2017,cbcl,,,,,,,,,,,,,,,,,
254,290,36,241,9.00228E+14,f,23,5,2017,cbcl,,,,,,,,,,,,,,,,,
228,264,36,117,9.00228E+14,m,23,5,2017,cbcl,,,,,,,,,,,,,,,,,
209,241,32,135,9.00228E+14,m,23,5,2017,cbcl,,,,,,,,,,,,,,,,,
248,285,37,248,9.00228E+14,f,23,5,2017,cbcl,,,,,,,,,,,,,,,,,
241,275,34,225,9.00228E+14,f,23,5,2017,cbcl,,,,,,,,,,,,,,,,,
249,284,35,239,9.00228E+14,f,23,5,2017,cbcl,,,,,,,,,,,,,,,,,
245,279,34,230,9.00228E+14,f,23,5,2017,cbcl,,,,,,,,,,,,,,,,,
245,281,36,205,9.00228E+14,m,23,5,2017,cbcl,,,,,,,,,,,,,,,,,
205,234,29,130,9.00228E+14,m,23,5,2017,cbcl,,,,,,,,,,,,,,,,,
230,261,31,204,9.00228E+14,m,23,5,2017,cbcl,,,,,,,,,,,,,,,,,
225,251,26,142,9.00228E+14,m,23,5,2017,cbcl,,,,,,,,,,,,,,,,,
201,231,30,127,9.00228E+14,f,23,5,2017,cbcl,,,,,,,,,,,,,,,,,
244,280,36,218,9.00228E+14,f,23,5,2017,cbcl,,,,,,,,,,,,,,,,,
213,244,31,148,9.00228E+14,f,23,5,2017,cbcl,,,,,,,,,,,,,,,,,
235,264,29,194,9.00228E+14,m,23,5,2017,cbcl,,,,,,,,,,,,,,,,,
229,261,32,171,9.00228E+14,m,23,5,2017,cbcl,,,,,,,,,,,,,,,,,
222,241,19,139,9.00228E+14,na,23,5,2017,cbcl,,,,,,,,,,,,,,,,,
224,245,21,145,9.00228E+14,m,23,5,2017,cbcl,,,,,,,,,,,,,,,,,
220,255,35,150,9.00228E+14,m,23,5,2017,cbcl,,,,,,,,,,,,,,,,,
235,260,25,170,9.00228E+14,m,23,5,2017,cbcl,,,,,,,,,,,,,,,,,
228,261,33,183,9.00228E+14,m,23,5,2017,cbcl,,,,,,,,,,,,,,,,,
232,266,34,190,9.00228E+14,m,23,5,2017,cbcl,,,,,,,,,,,,,,,,,
224,257,33,172,9.00228E+14,m,23,5,2017,cbcl,,,,,,,,,,,,,,,,,
196,227,31,112,9.00228E+14,m,23,5,2017,cbcl,,,,,,,,,,,,,,,,,
249,286,37,222,9.00228E+14,m,23,5,2017,cbcl,,,,,,,,,,,,,,,,,
225,254,29,160,9.00228E+14,m,23,5,2017,cbcl,,,,,,,,,,,,,,,,,
270,307,37,316,9.00228E+14,f,23,5,2017,cbcl,,,,,,,,,,,,,,,,,
224,256,32,176,9.00228E+14,m,23,5,2017,cbcl,,,,,,,,,,,,,,,,,
235,272,37,199,9.00228E+14,f,23,5,2017,cbcl,,,,,,,,,,,,,,,,,
226,258,32,163,9.00228E+14,m,23,5,2017,cbcl,,,,,,,,,,,,,,,,,
199,230,31,110,9.00228E+14,m,23,5,2017,cbcl,,,,,,,,,,,,,,,,,
215,248,33,137,9.00228E+14,f,23,5,2017,cbcl,,,,,,,,,,,,,,,,,
214,254,40,156,9.00228E+14,f,23,5,2017,cbcl,,,,,,,,,,,,,,,,,
206,237,31,134,9.00228E+14,m,23,5,2017,cbcl,,,,,,,,,,,,,,,,,
225,257,32,150,9.00228E+14,m,23,5,2017,cbcl,,,,,,,,,,,,,,,,,
197,221,24,110,9.00228E+14,m,23,5,2017,cbcl,,,,,,,,,,,,,,,,,
201,232,31,132,9.00228E+14,m,23,5,2017,cbcl,,,,,,,,,,,,,,,,,
248,278,30,211,9.00228E+14,m,23,5,2017,cbcl,,,,,,,,,,,,,,,,,
230,264,34,194,9.00228E+14,f,23,5,2017,cbcl,,,,,,,,,,,,,,,,,
192,219,27,106,9.00228E+14,m,23,5,2017,cbcl,,,,,,,,,,,,,,,,,
212,242,30,141,9.00228E+14,f,23,5,2017,cbcl,,,,,,,,,,,,,,,,,
226,262,36,185,9.00228E+14,m,24,5,2017,cbcl,,,,,,,,,,,,,,,,,
228,265,37,187,9.00228E+14,f,24,5,2017,cbcl,,,,,,,,,,,,,,,,,
203,232,29,118,9.00228E+14,m,24,5,2017,cbcl,,,,,,,,,,,,,,,,,
244,277,33,241,9.00228E+14,f,24,5,2017,cbcl,,,,,,,,,,,,,,,,,
246,281,35,121,9.00228E+14,f,24,5,2017,cbcl,,,,,,,,,,,,,,,,,
250,286,36,207,9.00228E+14,m,24,5,2017,cbcl,,,,,,,,,,,,,,,,,
208,240,32,130,9.00228E+14,m,24,5,2017,cbcl,,,,,,,,,,,,,,,,,
210,245,35,142,9.00228E+14,f,24,5,2017,cbcl,,,,,,,,,,,,,,,,,
215,248,33,144,9.00228E+14,f,24,5,2017,cbcl,,,,,,,,,,,,,,,,,
244,279,35,215,9.00228E+14,f,24,5,2017,cbcl,,,,,,,,,,,,,,,,,
249,284,35,246,9.00228E+14,f,24,5,2017,cbcl,,,,,,,,,,,,,,,,,
201,233,32,117,9.00228E+14,m,24,5,2017,cbcl,,,,,,,,,,,,,,,,,
216,248,32,149,9.00228E+14,f,24,5,2017,cbcl,,,,,,,,,,,,,,,,,
238,276,38,216,9.00228E+14,f,24,5,2017,cbcl,,,,,,,,,,,,,,,,,
119,229,110,112,9.00228E+14,m,24,5,2017,cbcl,,,,,,,,,,,,,,,,,
230,261,31,190,9.00228E+14,m,24,5,2017,cbcl,,,,,,,,,,,,,,,,,
245,280,35,218,9.00228E+14,m,24,5,2017,cbcl,,,,,,,,,,,,,,,,,
227,256,29,161,9.00228E+14,m,24,5,2017,cbcl,,,,,,,,,,,,,,,,,
235,269,34,205,9.00228E+14,f,24,5,2017,cbcl,,,,,,,,,,,,,,,,,
245,278,33,232,9.00228E+14,f,24,5,2017,cbcl,,,,,,,,,,,,,,,,,
245,281,36,206,9.00228E+14,f,24,5,2017,cbcl,,,,,,,,,,,,,,,,,
236,271,35,203,9.00228E+14,m,24,5,2017,cbcl,,,,,,,,,,,,,,,,,
235,269,34,177,9.00228E+14,m,24,5,2017,cbcl,,,,,,,,,,,,,,,,,
260,296,36,256,9.00228E+14,f,24,5,2017,cbcl,,,,,,,,,,,,,,,,,
252,292,40,256,9.00228E+14,f,24,5,2017,cbcl,,,,,,,,,,,,,,,,,
256,287,31,261,9.00228E+14,f,24,5,2017,cbcl,,,,,,,,,,,,,,,,,
235,267,32,179,9.00228E+14,f,24,5,2017,cbcl,,,,,,,,,,,,,,,,,
246,281,35,225,9.00228E+14,f,24,5,2017,cbcl,,,,,,,,,,,,,,,,,
259,297,38,258,9.00228E+14,f,24,5,2017,cbcl,,,,,,,,,,,,,,,,,
210,242,32,144,9.00228E+14,f,24,5,2017,cbcl,,,,,,,,,,,,,,,,,
210,240,30,124,9.00228E+14,m,24,5,2017,cbcl,,,,,,,,,,,,,,,,,
250,288,38,237,9.00228E+14,m,24,5,2017,cbcl,,,,,,,,,,,,,,,,,
208,236,28,146,9.00228E+14,f,24,5,2017,cbcl,,,,,,,,,,,,,,,,,
256,295,39,269,9.00228E+14,f,24,5,2017,cbcl,,,,,,,,,,,,,,,,,
260,297,37,255,9.00228E+14,f,24,5,2017,cbcl,,,,,,,,,,,,,,,,,
218,249,31,147,9.00228E+14,f,24,5,2017,cbcl,,,,,,,,,,,,,,,,,
260,295,35,273,9.00228E+14,f,24,5,2017,cbcl,,,,,,,,,,,,,,,,,
210,240,30,114,9.00228E+14,m,24,5,2017,cbcl,,,,,,,,,,,,,,,,,
234,267,33,194,9.00228E+14,f,24,5,2017,cbcl,,,,,,,,,,,,,,,,,
248,280,32,202,9.00228E+14,f,24,5,2017,cbcl,,,,,,,,,,,,,,,,,
265,300,35,289,9.00228E+14,f,24,5,2017,cbcl,,,,,,,,,,,,,,,,,
221,254,33,147,9.00228E+14,m,24,5,2017,cbcl,,,,,,,,,,,,,,,,,
255,293,38,255,9.00228E+14,f,24,5,2017,cbcl,,,,,,,,,,,,,,,,,
245,280,35,227,9.00228E+14,f,24,5,2017,cbcl,,,,,,,,,,,,,,,,,
265,301,36,310,9.00228E+14,f,24,5,2017,cbcl,,,,,,,,,,,,,,,,,
244,276,32,226,9.00228E+14,f,24,5,2017,cbcl,,,,,,,,,,,,,,,,,
211,244,33,129,9.00228E+14,f,24,5,2017,cbcl,,,,,,,,,,,,,,,,,
222,251,29,162,9.00228E+14,m,26,5,2017,cbcl,,,,,,,,,,,,,,,,,
236,268,32,200,9.00228E+14,f,26,5,2017,cbcl,,,,,,,,,,,,,,,,,
230,265,35,194,9.00228E+14,m,26,5,2017,cbcl,,,,,,,,,,,,,,,,,
206,236,30,139,9.00228E+14,m,26,5,2017,cbcl,,,,,,,,,,,,,,,,,
237,270,33,205,9.00228E+14,m,26,5,2017,cbcl,,,,,,,,,,,,,,,,,
236,270,34,202,9.00228E+14,f,26,5,2017,cbcl,,,,,,,,,,,,,,,,,
243,280,37,155,9.00228E+14,f,1,6,2017,cbcl,,,,,,,,,,,,,,,,,
196,226,30,122,9.00228E+14,m,1,6,2017,cbcl,,,,,,,,,,,,,,,,,
236,271,35,173,9.00228E+14,f,1,6,2017,cbcl,,,,,,,,,,,,,,,,,
241,277,36,174,9.00228E+14,f,1,6,2017,cbcl,,,,,,,,,,,,,,,,,
245,280,35,227,9.00228E+14,f,1,6,2017,cbcl,,,,,,,,,,,,,,,,,
219,255,36,134,9.00228E+14,m,1,6,2017,cbcl,,,,,,,,,,,,,,,,,
245,279,34,245,9.00228E+14,f,1,6,2017,cbcl,,,,,,,,,,,,,,,,,
209,240,31,152,9.00228E+14,f,1,6,2017,cbcl,,,,,,,,,,,,,,,,,
204,234,30,125,9.00228E+14,m,1,6,2017,cbcl,,,,,,,,,,,,,,,,,
236,271,35,199,9.00228E+14,f,1,6,2017,cbcl,,,,,,,,,,,,,,,,,
256,282,26,193,9.00228E+14,f,1,6,2017,cbcl,,,,,,,,,,,,,,,,,
245,282,37,236,9.00228E+14,f,1,6,2017,cbcl,,,,,,,,,,,,,,,,,
260,300,40,286,9.00228E+14,f,1,6,2017,cbcl,,,,,,,,,,,,,,,,,
220,251,31,125,9.00228E+14,m,1,6,2017,cbcl,,,,,,,,,,,,,,,,,
221,254,33,151,9.00228E+14,m,1,6,2017,cbcl,,,,,,,,,,,,,,,,,
245,260,15,229,9.00228E+14,f,1,6,2017,cbcl,,,,,,,,,,,,,,,,,
239,274,35,153,9.00228E+14,f,1,6,2017,cbcl,,,,,,,,,,,,,,,,,
230,266,36,156,9.00228E+14,m,1,6,2017,cbcl,,,,,,,,,,,,,,,,,
215,245,30,146,9.00228E+14,m,1,6,2017,cbcl,,,,,,,,,,,,,,,,,
221,252,31,158,9.00228E+14,f,1,6,2017,cbcl,,,,,,,,,,,,,,,,,
238,273,35,156,9.00228E+14,f,1,6,2017,cbcl,,,,,,,,,,,,,,,,,
254,288,34,184,9.00228E+14,m,1,6,2017,cbcl,,,,,,,,,,,,,,,,,
221,252,31,165,9.00228E+14,f,1,6,2017,cbcl,,,,,,,,,,,,,,,,,
215,246,31,146,9.00228E+14,f,1,6,2017,cbcl,,,,,,,,,,,,,,,,,
214,248,34,152,9.00228E+14,m,1,6,2017,cbcl,,,,,,,,,,,,,,,,,
219,249,30,126,9.00228E+14,m,1,6,2017,cbcl,,,,,,,,,,,,,,,,,
233,272,39,165,9.00228E+14,f,1,6,2017,cbcl,,,,,,,,,,,,,,,,,
208,241,33,151,9.00228E+14,m,1,6,2017,cbcl,,,,,,,,,,,,,,,,,
225,258,33,128,9.00228E+14,f,1,6,2017,cbcl,,,,,,,,,,,,,,,,,
253,287,34,177,9.00228E+14,f,1,6,2017,cbcl,,,,,,,,,,,,,,,,,
210,241,31,117,9.00228E+14,m,1,6,2017,cbcl,,,,,,,,,,,,,,,,,
244,281,37,190,9.00228E+14,f,1,6,2017,cbcl,,,,,,,,,,,,,,,,,
219,252,33,132,9.00228E+14,f,1,6,2017,cbcl,,,,,,,,,,,,,,,,,
253,291,38,194,9.00228E+14,f,1,6,2017,cbcl,,,,,,,,,,,,,,,,,
248,281,33,183,9.00228E+14,m,1,6,2017,cbcl,,,,,,,,,,,,,,,,,
218,249,31,117,9.00228E+14,m,1,6,2017,cbcl,,,,,,,,,,,,,,,,,
251,289,38,173,9.00228E+14,f,1,6,2017,cbcl,,,,,,,,,,,,,,,,,
215,246,31,123,9.00228E+14,m,1,6,2017,cbcl,,,,,,,,,,,,,,,,,
253,290,37,172,9.00228E+14,f,1,6,2017,cbcl,,,,,,,,,,,,,,,,,
240,275,35,216,9.00228E+14,f,1,6,2017,cbcl,,,,,,,,,,,,,,,,,
263,300,37,218,9.00228E+14,f,1,6,2017,cbcl,,,,,,,,,,,,,,,,,
223,258,35,150,9.00228E+14,f,1,6,2017,cbcl,,,,,,,,,,,,,,,,,
227,264,37,166,9.00228E+14,f,1,6,2017,cbcl,,,,,,,,,,,,,,,,,
217,248,31,146,9.00228E+14,f,1,6,2017,cbcl,,,,,,,,,,,,,,,,,
226,260,34,142,9.00228E+14,f,1,6,2017,cbcl,,,,,,,,,,,,,,,,,
265,305,40,226,9.00228E+14,m,1,6,2017,cbcl,,,,,,,,,,,,,,,,,
249,283,34,144,9.00228E+14,f,1,6,2017,cbcl,,,,,,,,,,,,,,,,,
215,248,33,149,9.00228E+14,m,1,6,2017,cbcl,,,,,,,,,,,,,,,,,
219,249,30,128,9.00228E+14,f,1,6,2017,cbcl,,,,,,,,,,,,,,,,,
243,279,36,241,9.00228E+14,f,1,6,2017,cbcl,,,,,,,,,,,,,,,,,
203,234,31,133,9.00228E+14,m,1,6,2017,cbcl,,,,,,,,,,,,,,,,,
237,270,33,148,9.00228E+14,m,1,6,2017,cbcl,,,,,,,,,,,,,,,,,
220,250,30,164,9.00228E+14,f,1,6,2017,cbcl,,,,,,,,,,,,,,,,,
228,253,25,139,9.00228E+14,m,1,6,2017,cbcl,,,,,,,,,,,,,,,,,
205,234,29,126,9.00228E+14,m,1,6,2017,cbcl,,,,,,,,,,,,,,,,,
234,272,38,149,9.00228E+14,f,1,6,2017,cbcl,,,,,,,,,,,,,,,,,
237,274,37,161,9.00228E+14,f,1,6,2017,cbcl,,,,,,,,,,,,,,,,,
239,275,36,151,9.00228E+14,m,1,6,2017,cbcl,,,,,,,,,,,,,,,,,
214,245,31,148,9.00228E+14,m,1,6,2017,cbcl,,,,,,,,,,,,,,,,,
267,305,38,222,9.00228E+14,f,1,6,2017,cbcl,,,,,,,,,,,,,,,,,
247,284,37,252,9.00228E+14,f,1,6,2017,cbcl,,,,,,,,,,,,,,,,,
220,251,31,123,9.00228E+14,m,1,6,2017,cbcl,,,,,,,,,,,,,,,,,
239,275,36,158,9.00228E+14,f,1,6,2017,cbcl,,,,,,,,,,,,,,,,,
250,290,40,187,9.00228E+14,f,1,6,2017,cbcl,,,,,,,,,,,,,,,,,
258,296,38,197,9.00228E+14,f,1,6,2017,cbcl,,,,,,,,,,,,,,,,,
217,250,33,127,9.00228E+14,m,1,6,2017,cbcl,,,,,,,,,,,,,,,,,
236,264,28,161,9.00228E+14,f,1,6,2017,cbcl,,,,,,,,,,,,,,,,,
255,290,35,184,9.00228E+14,f,1,6,2017,cbcl,,,,,,,,,,,,,,,,,
234,269,35,155,9.00228E+14,m,1,6,2017,cbcl,,,,,,,,,,,,,,,,,
213,243,30,149,9.00228E+14,m,1,6,2017,cbcl,,,,,,,,,,,,,,,,,
215,247,32,172,9.00228E+14,f,1,6,2017,cbcl,,,,,,,,,,,,,,,,,
254,289,35,235,9.00228E+14,f,1,6,2017,cbcl,,,,,,,,,,,,,,,,,
235,267,32,190,9.00228E+14,f,1,6,2017,cbcl,,,,,,,,,,,,,,,,,
226,253,27,159,9.00228E+14,m,1,6,2017,cbcl,,,,,,,,,,,,,,,,,
224,257,33,143,9.00228E+14,f,1,6,2017,cbcl,,,,,,,,,,,,,,,,,
266,300,34,197,9.00228E+14,f,2,6,2017,cbcl,,,,,,,,,,,,,,,,,
207,238,31,107,9.00228E+14,m,2,6,2017,cbcl,,,,,,,,,,,,,,,,,
215,247,32,113,9.00228E+14,m,2,6,2017,cbcl,,,,,,,,,,,,,,,,,
199,225,26,90,9.00228E+14,m,2,6,2017,cbcl,,,,,,,,,,,,,,,,,
225,258,33,120,9.00228E+14,f,2,6,2017,cbcl,,,,,,,,,,,,,,,,,
245,276,31,180,9.00228E+14,m,2,6,2017,cbcl,,,,,,,,,,,,,,,,,
235,268,33,158,9.00228E+14,m,2,6,2017,cbcl,,,,,,,,,,,,,,,,,
228,256,28,137,9.00228E+14,m,2,6,2017,cbcl,,,,,,,,,,,,,,,,,
210,241,31,136,9.00228E+14,f,2,6,2017,cbcl,,,,,,,,,,,,,,,,,
220,252,32,134,9.00228E+14,m,2,6,2017,cbcl,,,,,,,,,,,,,,,,,
216,249,33,119,9.00228E+14,f,2,6,2017,cbcl,,,,,,,,,,,,,,,,,
250,285,35,161,9.00228E+14,f,2,6,2017,cbcl,,,,,,,,,,,,,,,,,
241,278,37,173,9.00228E+14,f,2,6,2017,cbcl,,,,,,,,,,,,,,,,,
217,250,33,214,9.00228E+14,f,2,6,2017,cbcl,,,,,,,,,,,,,,,,,
232,258,26,170,9.00228E+14,m,2,6,2017,cbcl,,,,,,,,,,,,,,,,,
238,271,33,195,9.00228E+14,m,2,6,2017,cbcl,,,,,,,,,,,,,,,,,
237,272,35,207,9.00228E+14,m,2,6,2017,cbcl,,,,,,,,,,,,,,,,,
217,249,32,131,9.00228E+14,m,2,6,2017,cbcl,,,,,,,,,,,,,,,,,
234,265,31,189,9.00228E+14,m,2,6,2017,cbcl,,,,,,,,,,,,,,,,,
212,243,31,135,9.00228E+14,m,2,6,2017,cbcl,,,,,,,,,,,,,,,,,
198,232,34,109,9.00228E+14,m,2,6,2017,cbcl,,,,,,,,,,,,,,,,,
236,273,37,200,9.00228E+14,m,2,6,2017,cbcl,,,,,,,,,,,,,,,,,
191,222,37,102,9.00228E+14,m,2,6,2017,cbcl,,,,,,,,,,,,,,,,,
209,238,31,154,9.00228E+14,m,2,6,2017,cbcl,,,,,,,,,,,,,,,,,
185,211,29,86,9.00228E+14,m,2,6,2017,cbcl,,,,,,,,,,,,,,,,,
215,247,32,154,9.00228E+14,f,2,6,2017,cbcl,,,,,,,,,,,,,,,,,
201,236,35,120,9.00228E+14,m,2,6,2017,cbcl,,,,,,,,,,,,,,,,,
211,247,36,143,9.00228E+14,m,2,6,2017,cbcl,,,,,,,,,,,,,,,,,
196,221,25,109,9.00228E+14,m,2,6,2017,cbcl,,,,,,,,,,,,,,,,,
204,231,27,114,9.00228E+14,m,2,6,2017,cbcl,,,,,,,,,,,,,,,,,
209,238,29,130,9.00228E+14,m,2,6,2017,cbcl,,,,,,,,,,,,,,,,,
208,237,29,117,9.00228E+14,m,2,6,2017,cbcl,,,,,,,,,,,,,,,,,
194,221,27,99,9.00228E+14,m,2,6,2017,cbcl,,,,,,,,,,,,,,,,,
203,234,31,121,9.00228E+14,m,2,6,2017,cbcl,,,,,,,,,,,,,,,,,
211,246,35,143,9.00228E+14,m,2,6,2017,cbcl,,,,,,,,,,,,,,,,,
225,257,32,173,9.00228E+14,f,2,6,2017,cbcl,,,,,,,,,,,,,,,,,
206,237,31,129,9.00228E+14,m,2,6,2017,cbcl,,,,,,,,,,,,,,,,,
224,255,31,156,9.00228E+14,f,2,6,2017,cbcl,,,,,,,,,,,,,,,,,
186,221,35,112,9.00228E+14,f,2,6,2017,cbcl,,,,,,,,,,,,,,,,,
203,234,31,128,9.00228E+14,f,2,6,2017,cbcl,,,,,,,,,,,,,,,,,
195,227,32,119,9.00228E+14,m,2,6,2017,cbcl,,,,,,,,,,,,,,,,,
222,258,36,127,9.00228E+14,m,2,6,2017,cbcl,,,,,,,,,,,,,,,,,
225,256,31,130,9.00228E+14,f,2,6,2017,cbcl,,,,,,,,,,,,,,,,,
245,280,35,239,9.00228E+14,f,2,6,2017,cbcl,,,,,,,,,,,,,,,,,
198,230,32,96,9.00228E+14,m,2,6,2017,cbcl,,,,,,,,,,,,,,,,,
225,257,32,194,9.00228E+14,f,2,6,2017,cbcl,,,,,,,,,,,,,,,,,
242,275,33,203,9.00228E+14,f,2,6,2017,cbcl,,,,,,,,,,,,,,,,,
241,270,29,183,9.00228E+14,m,2,6,2017,cbcl,,,,,,,,,,,,,,,,,
209,237,28,131,9.00228E+14,f,2,6,2017,cbcl,,,,,,,,,,,,,,,,,
211,241,30,128,9.00228E+14,f,2,6,2017,cbcl,,,,,,,,,,,,,,,,,
235,269,34,191,9.00228E+14,f,2,6,2017,cbcl,,,,,,,,,,,,,,,,,
213,245,32,135,9.00228E+14,f,2,6,2017,cbcl,,,,,,,,,,,,,,,,,
214,245,31,144,9.00228E+14,f,2,6,2017,cbcl,,,,,,,,,,,,,,,,,
217,248,31,155,9.00228E+14,f,2,6,2017,cbcl,,,,,,,,,,,,,,,,,
233,267,34,141,9.00228E+14,f,2,6,2017,cbcl,,,,,,,,,,,,,,,,,
240,280,40,210,9.00228E+14,f,2,6,2017,cbcl,,,,,,,,,,,,,,,,,
212,245,33,120,9.00228E+14,f,2,6,2017,cbcl,,,,,,,,,,,,,,,,,
220,247,27,168,9.00228E+14,f,2,6,2017,cbcl,,,,,,,,,,,,,,,,,
211,243,32,138,9.00228E+14,m,2,6,2017,cbcl,,,,,,,,,,,,,,,,,
202,233,31,125,9.00228E+14,m,2,6,2017,cbcl,,,,,,,,,,,,,,,,,
221,256,35,128,9.00228E+14,f,2,6,2017,cbcl,,,,,,,,,,,,,,,,,
227,263,36,166,9.00228E+14,m,2,6,2017,cbcl,,,,,,,,,,,,,,,,,
236,277,41,160,9.00228E+14,m,2,6,2017,cbcl,,,,,,,,,,,,,,,,,
227,260,33,184,9.00228E+14,m,2,6,2017,cbcl,,,,,,,,,,,,,,,,,
216,249,33,161,9.00228E+14,m,2,6,2017,cbcl,,,,,,,,,,,,,,,,,
264,301,37,256,9.00228E+14,f,2,6,2017,cbcl,,,,,,,,,,,,,,,,,
233,270,37,199,9.00228E+14,f,2,6,2017,cbcl,,,,,,,,,,,,,,,,,
225,256,31,154,9.00228E+14,f,2,6,2017,cbcl,,,,,,,,,,,,,,,,,
253,290,37,252,9.00228E+14,f,2,6,2017,cbcl,,,,,,,,,,,,,,,,,
225,260,35,186,9.00228E+14,f,2,6,2017,cbcl,,,,,,,,,,,,,,,,,
208,240,32,123,9.00228E+14,m,2,6,2017,cbcl,,,,,,,,,,,,,,,,,
260,301,41,218,9.00228E+14,f,17,5,2017,fl,,,,,,,,,,,,,,,,,
228,260,32,147,9.00228E+14,m,18,5,2017,fl,,,,,,,,,,,,,,,,,
256,290,34,283,9.00228E+14,f,18,5,2017,fl,,,,,,,,,,,,,,,,,
241,271,30,199,9.00228E+14,f,18,5,2017,fl,,,,,,,,,,,,,,,,,
235,270,35,179,9.00228E+14,m,18,5,2017,fl,,,,,,,,,,,,,,,,,
235,266,31,192,9.00228E+14,f,18,5,2017,fl,,,,,,,,,,,,,,,,,
224,255,31,157,9.00228E+14,m,22,5,2017,fl,,,,,,,,,,,,,,,,,
229,261,32,161,9.00228E+14,m,22,5,2017,fl,,,,,,,,,,,,,,,,,
223,256,33,171,9.00228E+14,m,22,5,2017,fl,,,,,,,,,,,,,,,,,
201,230,29,118,9.00228E+14,m,23,5,2017,fl,,,,,,,,,,,,,,,,,
207,235,28,120,9.00228E+14,m,23,5,2017,fl,,,,,,,,,,,,,,,,,
209,237,28,116,9.00228E+14,f,23,5,2017,fl,,,,,,,,,,,,,,,,,
221,255,34,149,9.00228E+14,f,23,5,2017,fl,,,,,,,,,,,,,,,,,
207,236,29,112,9.00228E+14,m,23,5,2017,fl,,,,,,,,,,,,,,,,,
215,245,30,150,9.00228E+14,f,23,5,2017,fl,,,,,,,,,,,,,,,,,
230,264,34,184,9.00228E+14,m,23,5,2017,fl,,,,,,,,,,,,,,,,,
244,280,36,221,9.00228E+14,f,23,5,2017,fl,,,,,,,,,,,,,,,,,
235,263,28,175,9.00228E+14,f,24,5,2017,fl,,,,,,,,,,,,,,,,,
220,248,28,156,9.00228E+14,m,24,5,2017,fl,,,,,,,,,,,,,,,,,
224,254,30,182,9.00228E+14,m,24,5,2017,fl,,,,,,,,,,,,,,,,,
246,282,36,247,9.00228E+14,m,24,5,2017,fl,,,,,,,,,,,,,,,,,
243,275,32,182,9.00228E+14,f,24,5,2017,fl,,,,,,,,,,,,,,,,,
209,236,27,135,9.00228E+14,m,24,5,2017,fl,,,,,,,,,,,,,,,,,
278,309,31,317,9.00228E+14,f,24,5,2017,fl,,,,,,,,,,,,,,,,,
214,243,29,127,9.00228E+14,m,24,5,2017,fl,,,,,,,,,,,,,,,,,
210,237,27,168,9.00228E+14,m,24,5,2017,fl,,,,,,,,,,,,,,,,,
235,268,33,176,9.00228E+14,m,24,5,2017,fl,,,,,,,,,,,,,,,,,
204,231,27,113,9.00228E+14,m,24,5,2017,fl,,,,,,,,,,,,,,,,,
245,277,32,218,9.00228E+14,m,24,5,2017,fl,,,,,,,,,,,,,,,,,
232,263,31,180,9.00228E+14,m,24,5,2017,fl,,,,,,,,,,,,,,,,,
210,242,32,118,9.00228E+14,m,24,5,2017,fl,,,,,,,,,,,,,,,,,
222,252,30,154,9.00228E+14,m,24,5,2017,fl,,,,,,,,,,,,,,,,,
232,260,28,179,9.00228E+14,m,24,5,2017,fl,,,,,,,,,,,,,,,,,
230,260,30,168,9.00228E+14,m,24,5,2017,fl,,,,,,,,,,,,,,,,,
200,226,26,205,9.00228E+14,m,24,5,2017,fl,,,,,,,,,,,,,,,,,
251,283,32,262,9.00228E+14,f,24,5,2017,fl,,,,,,,,,,,,,,,,,
258,293,35,261,9.00228E+14,f,25,5,2017,fl,,,,,,,,,,,,,,,,,
251,286,35,227,9.00228E+14,f,25,5,2017,fl,,,,,,,,,,,,,,,,,
235,266,31,178,9.00228E+14,m,27,5,2017,fl,,,,,,,,,,,,,,,,,
245,274,29,214,9.00228E+14,f,27,5,2017,fl,,,,,,,,,,,,,,,,,
233,260,27,175,9.00228E+14,m,27,5,2017,fl,,,,,,,,,,,,,,,,,
214,242,28,142,9.00228E+14,m,27,5,2017,fl,,,,,,,,,,,,,,,,,
225,252,27,140,9.00228E+14,m,27,5,2017,fl,,,,,,,,,,,,,,,,,
203,231,28,126,9.00228E+14,m,28,5,2017,fl,,,,,,,,,,,,,,,,,
228,257,29,169,9.00228E+14,m,28,5,2017,fl,,,,,,,,,,,,,,,,,
225,253,28,168,9.00228E+14,m,28,5,2017,fl,,,,,,,,,,,,,,,,,
249,281,32,237,9.00228E+14,f,28,5,2017,fl,,,,,,,,,,,,,,,,,
250,282,32,275,9.00228E+14,f,28,5,2017,fl,,,,,,,,,,,,,,,,,
233,264,31,174,9.00228E+14,m,28,5,2017,fl,,,,,,,,,,,,,,,,,
225,260,35,156,9.00228E+14,m,28,5,2017,fl,,,,,,,,,,,,,,,,,
240,271,31,203,9.00228E+14,f,28,5,2017,fl,,,,,,,,,,,,,,,,,
238,269,31,176,9.00228E+14,m,28,5,2017,fl,,,,,,,,,,,,,,,,,
226,261,35,149,9.00228E+14,m,28,5,2017,fl,,,,,,,,,,,,,,,,,
241,276,35,201,9.00228E+14,f,28,5,2017,fl,,,,,,,,,,,,,,,,,
211,241,30,127,9.00228E+14,m,28,5,2017,fl,,,,,,,,,,,,,,,,,
244,279,35,191,9.00228E+14,f,28,5,2017,fl,,,,,,,,,,,,,,,,,
236,273,37,177,9.00228E+14,m,28,5,2017,fl,,,,,,,,,,,,,,,,,
268,304,36,211,9.00228E+14,f,28,5,2017,fl,,,,,,,,,,,,,,,,,
240,276,36,226,9.00228E+14,m,28,5,2017,fl,,,,,,,,,,,,,,,,,
235,267,32,152,9.00228E+14,m,28,5,2017,fl,,,,,,,,,,,,,,,,,
261,302,41,254,9.00228E+14,f,29,5,2017,fl,,,,,,,,,,,,,,,,,
255,293,38,240,9.00228E+14,f,29,5,2017,fl,,,,,,,,,,,,,,,,,
231,265,34,180,9.00228E+14,f,29,5,2017,fl,,,,,,,,,,,,,,,,,
243,278,35,182,9.00228E+14,f,29,5,2017,fl,,,,,,,,,,,,,,,,,
250,289,39,236,9.00228E+14,f,29,5,2017,fl,,,,,,,,,,,,,,,,,
263,306,43,273,9.00228E+14,f,29,5,2017,fl,,,,,,,,,,,,,,,,,
254,288,34,222,9.00228E+14,f,29,5,2017,fl,,,,,,,,,,,,,,,,,
208,241,33,126,9.00228E+14,m,29,5,2017,fl,,,,,,,,,,,,,,,,,
230,263,33,168,9.00228E+14,m,29,5,2017,fl,,,,,,,,,,,,,,,,,
237,268,31,197,9.00228E+14,f,30,5,2017,fl,,,,,,,,,,,,,,,,,
243,278,35,207,9.00228E+14,f,30,5,2017,fl,,,,,,,,,,,,,,,,,
215,248,33,143,9.00228E+14,m,30,5,2017,fl,,,,,,,,,,,,,,,,,
198,223,25,122,9.00228E+14,m,30,5,2017,fl,,,,,,,,,,,,,,,,,
243,278,35,173,9.00228E+14,m,30,5,2017,fl,,,,,,,,,,,,,,,,,
225,256,31,164,9.00228E+14,f,30,5,2017,fl,,,,,,,,,,,,,,,,,
255,292,37,155,9.00228E+14,f,30,5,2017,fl,,,,,,,,,,,,,,,,,
212,242,30,131,9.00228E+14,m,30,5,2017,fl,,,,,,,,,,,,,,,,,
238,274,36,184,9.00228E+14,f,30,5,2017,fl,,,,,,,,,,,,,,,,,
225,257,32,196,9.00228E+14,m,30,5,2017,fl,,,,,,,,,,,,,,,,,
213,245,32,133,9.00228E+14,m,3,6,2017,fl,,,,,,,,,,,,,,,,,
247,283,36,189,9.00228E+14,m,3,6,2017,fldd,,,,,,,,,,,,,,,,,
250,285,35,227,9.00228E+14,f,3,6,2017,fldd,,,,,,,,,,,,,,,,,
208,241,33,131,9.00228E+14,m,3,6,2017,fldd,,,,,,,,,,,,,,,,,
196,227,31,111,9.00228E+14,m,3,6,2017,fldd,,,,,,,,,,,,,,,,,
244,281,37,208,9.00228E+14,f,3,6,2017,fldd,,,,,,,,,,,,,,,,,
253,290,37,236,9.00228E+14,f,3,6,2017,fldd,,,,,,,,,,,,,,,,,
206,239,33,126,9.00228E+14,m,3,6,2017,fldd,,,,,,,,,,,,,,,,,
216,243,27,145,9.00228E+14,m,3,6,2017,fldd,,,,,,,,,,,,,,,,,
243,277,34,220,9.00228E+14,m,3,6,2017,fldd,,,,,,,,,,,,,,,,,
240,275,35,223,9.00228E+14,f,3,6,2017,fldd,,,,,,,,,,,,,,,,,
245,282,37,189,9.00228E+14,m,3,6,2017,fldd,,,,,,,,,,,,,,,,,
230,267,37,191,9.00228E+14,m,3,6,2017,fldd,,,,,,,,,,,,,,,,,
240,280,40,224,9.00228E+14,m,3,6,2017,fldd,,,,,,,,,,,,,,,,,
225,255,30,159,9.00228E+14,m,3,6,2017,fldd,,,,,,,,,,,,,,,,,
265,299,34,262,9.00228E+14,f,3,6,2017,fldd,,,,,,,,,,,,,,,,,
225,260,35,162,9.00228E+14,m,3,6,2017,fldd,,,,,,,,,,,,,,,,,
224,256,32,165,9.00228E+14,m,3,6,2017,fldd,,,,,,,,,,,,,,,,,
258,293,35,251,9.00228E+14,f,3,6,2017,fldd,,,,,,,,,,,,,,,,,
231,265,34,195,9.00228E+14,f,3,6,2017,fldd,,,,,,,,,,,,,,,,,
224,255,31,163,9.00228E+14,m,3,6,2017,fldd,,,,,,,,,,,,,,,,,
235,272,37,176,9.00228E+14,m,3,6,2017,fldd,,,,,,,,,,,,,,,,,
207,239,32,143,9.00228E+14,m,3,6,2017,fldd,,,,,,,,,,,,,,,,,
205,241,36,128,9.00228E+14,m,3,6,2017,fldd,,,,,,,,,,,,,,,,,
235,270,35,182,9.00228E+14,m,3,6,2017,fldd,,,,,,,,,,,,,,,,,
235,267,32,184,9.00228E+14,f,3,6,2017,fldd,,,,,,,,,,,,,,,,,
245,285,40,224,9.00228E+14,f,3,6,2017,fldd,,,,,,,,,,,,,,,,,
225,255,30,146,9.00228E+14,m,3,6,2017,fldd,,,,,,,,,,,,,,,,,
229,263,34,186,9.00228E+14,f,3,6,2017,fldd,,,,,,,,,,,,,,,,,
225,260,35,169,9.00228E+14,m,3,6,2017,fldd,,,,,,,,,,,,,,,,,
242,276,34,185,9.00228E+14,f,3,6,2017,fldd,,,,,,,,,,,,,,,,,
235,272,37,189,9.00228E+14,m,3,6,2017,fldd,,,,,,,,,,,,,,,,,
224,257,33,164,9.00228E+14,m,3,6,2017,fldd,,,,,,,,,,,,,,,,,
235,268,33,167,9.00228E+14,m,3,6,2017,fldd,,,,,,,,,,,,,,,,,
243,278,35,190,9.00228E+14,f,3,6,2017,fldd,,,,,,,,,,,,,,,,,
246,285,39,234,9.00228E+14,f,3,6,2017,fldd,,,,,,,,,,,,,,,,,
231,267,36,167,9.00228E+14,m,3,6,2017,fldd,,,,,,,,,,,,,,,,,
241,274,33,188,9.00228E+14,f,3,6,2017,fldd,,,,,,,,,,,,,,,,,
248,285,37,215,9.00228E+14,na,3,6,2017,fldd,,,,,,,,,,,,,,,,,
235,271,36,166,9.00228E+14,f,3,6,2017,fldd,,,,,,,,,,,,,,,,,
228,256,28,155,9.00228E+14,m,3,6,2017,fldd,,,,,,,,,,,,,,,,,
264,301,37,288,9.00228E+14,f,3,6,2017,fldd,,,,,,,,,,,,,,,,,
236,271,35,176,9.00228E+14,m,3,6,2017,fldd,,,,,,,,,,,,,,,,,
219,250,31,153,9.00228E+14,f,3,6,2017,fldd,,,,,,,,,,,,,,,,,
246,283,37,195,9.00228E+14,f,3,6,2017,fldd,,,,,,,,,,,,,,,,,
246,283,37,197,9.00228E+14,f,3,6,2017,fldd,,,,,,,,,,,,,,,,,
246,279,33,178,9.00228E+14,f,3,6,2017,fldd,,,,,,,,,,,,,,,,,
224,255,31,146,9.00228E+14,m,3,6,2017,fldd,,,,,,,,,,,,,,,,,
234,270,36,183,9.00228E+14,m,3,6,2017,fldd,,,,,,,,,,,,,,,,,
245,281,36,202,9.00228E+14,m,3,6,2017,fldd,,,,,,,,,,,,,,,,,
230,260,30,163,9.00228E+14,m,3,6,2017,fldd,,,,,,,,,,,,,,,,,
247,280,33,214,9.00228E+14,f,3,6,2017,fldd,,,,,,,,,,,,,,,,,
226,261,35,167,9.00228E+14,m,3,6,2017,fldd,,,,,,,,,,,,,,,,,
215,247,32,151,9.00228E+14,f,3,6,2017,fldd,,,,,,,,,,,,,,,,,
196,226,30,111,9.00228E+14,m,3,6,2017,fldd,,,,,,,,,,,,,,,,,
229,260,31,166,9.00228E+14,m,3,6,2017,fldd,,,,,,,,,,,,,,,,,
205,234,29,111,9.00228E+14,m,3,6,2017,fldd,,,,,,,,,,,,,,,,,
241,276,35,206,9.00228E+14,m,3,6,2017,fldd,,,,,,,,,,,,,,,,,
257,297,40,260,9.00228E+14,f,3,6,2017,fldd,,,,,,,,,,,,,,,,,
238,274,36,185,9.00228E+14,m,3,6,2017,fldd,,,,,,,,,,,,,,,,,
235,273,38,193,9.00228E+14,f,3,6,2017,fldd,,,,,,,,,,,,,,,,,
246,283,37,196,9.00228E+14,m,3,6,2017,fldd,,,,,,,,,,,,,,,,,
204,236,32,120,9.00228E+14,m,3,6,2017,fldd,,,,,,,,,,,,,,,,,
203,232,29,113,9.00228E+14,m,3,6,2017,fldd,,,,,,,,,,,,,,,,,
265,297,32,249,9.00228E+14,m,3,6,2017,fldd,,,,,,,,,,,,,,,,,
265,301,36,283,9.00228E+14,f,3,6,2017,fldd,,,,,,,,,,,,,,,,,
236,270,34,179,9.00228E+14,m,3,6,2017,fldd,,,,,,,,,,,,,,,,,
259,290,31,256,9.00228E+14,f,3,6,2017,fldd,,,,,,,,,,,,,,,,,
257,290,33,202,9.00228E+14,m,3,6,2017,fldd,,,,,,,,,,,,,,,,,
251,289,38,240,9.00228E+14,m,3,6,2017,fldd,,,,,,,,,,,,,,,,,
240,275,35,194,9.00228E+14,m,3,6,2017,fldd,,,,,,,,,,,,,,,,,
237,271,34,178,9.00228E+14,m,3,6,2017,fldd,,,,,,,,,,,,,,,,,
251,285,34,237,9.00228E+14,f,3,6,2017,fldd,,,,,,,,,,,,,,,,,
260,296,36,262,9.00228E+14,f,3,6,2017,fldd,,,,,,,,,,,,,,,,,
226,262,36,164,9.00228E+14,m,3,6,2017,fldd,,,,,,,,,,,,,,,,,
237,271,34,187,9.00228E+14,m,3,6,2017,fldd,,,,,,,,,,,,,,,,,
263,304,41,244,9.00228E+14,f,3,6,2017,fldd,,,,,,,,,,,,,,,,,
247,278,31,193,9.00228E+14,m,3,6,2017,fldd,,,,,,,,,,,,,,,,,
220,254,34,168,9.00228E+14,m,3,6,2017,fldd,,,,,,,,,,,,,,,,,
210,241,31,120,9.00228E+14,m,3,6,2017,fldd,,,,,,,,,,,,,,,,,
238,273,35,190,9.00228E+14,m,3,6,2017,fldd,,,,,,,,,,,,,,,,,
263,300,37,257,9.00228E+14,f,3,6,2017,fldd,,,,,,,,,,,,,,,,,
228,262,34,184,9.00228E+14,m,3,6,2017,fldd,,,,,,,,,,,,,,,,,
234,272,38,212,9.00228E+14,m,3,6,2017,fldd,,,,,,,,,,,,,,,,,
225,257,32,165,9.00228E+14,m,3,6,2017,fldd,,,,,,,,,,,,,,,,,
222,246,24,185,9.00228E+14,f,3,6,2017,fldd,,,,,,,,,,,,,,,,,
234,266,32,138,9.00228E+14,na,5,6,2017,fldd,,,,,,,,,,,,,,,,,
256,295,39,242,9.00228E+14,f,5,6,2017,fldd,,,,,,,,,,,,,,,,,
242,273,31,195,9.00228E+14,f,5,6,2017,fldd,,,,,,,,,,,,,,,,,
254,291,37,223,9.00228E+14,f,5,6,2017,fldd,,,,,,,,,,,,,,,,,
251,286,35,254,9.00228E+14,f,5,6,2017,fldd,,,,,,,,,,,,,,,,,
220,256,36,144,9.00228E+14,m,5,6,2017,fldd,,,,,,,,,,,,,,,,,
242,273,31,198,9.00228E+14,m,5,6,2017,fldd,,,,,,,,,,,,,,,,,
246,278,32,222,9.00228E+14,f,5,6,2017,fldd,,,,,,,,,,,,,,,,,
240,272,32,204,9.00228E+14,f,5,6,2017,fldd,,,,,,,,,,,,,,,,,
235,266,31,232,9.00228E+14,m,5,6,2017,fldd,,,,,,,,,,,,,,,,,
249,283,34,225,9.00228E+14,f,5,6,2017,fldd,,,,,,,,,,,,,,,,,
206,241,35,143,9.00228E+14,na,5,6,2017,fldd,,,,,,,,,,,,,,,,,
208,239,31,245,9.00228E+14,f,5,6,2017,fldd,,,,,,,,,,,,,,,,,
225,255,30,163,9.00228E+14,m,5,6,2017,fldd,,,,,,,,,,,,,,,,,
246,279,33,229,9.00228E+14,f,5,6,2017,fldd,,,,,,,,,,,,,,,,,
262,299,37,221,9.00228E+14,m,5,6,2017,fldd,,,,,,,,,,,,,,,,,
231,259,28,152,9.00228E+14,m,5,6,2017,fldd,,,,,,,,,,,,,,,,,
230,262,32,163,9.00228E+14,m,5,6,2017,fldd,,,,,,,,,,,,,,,,,
255,289,34,230,9.00228E+14,m,5,6,2017,fldd,,,,,,,,,,,,,,,,,
196,225,29,114,9.00228E+14,m,5,6,2017,fldd,,,,,,,,,,,,,,,,,
252,285,33,224,9.00228E+14,f,5,6,2017,fldd,,,,,,,,,,,,,,,,,
257,290,33,240,9.00228E+14,f,5,6,2017,fldd,,,,,,,,,,,,,,,,,
238,270,32,195,9.00228E+14,m,5,6,2017,fldd,,,,,,,,,,,,,,,,,
234,266,32,165,9.00228E+14,f,5,6,2017,fldd,,,,,,,,,,,,,,,,,
240,275,35,197,9.00228E+14,f,5,6,2017,fldd,,,,,,,,,,,,,,,,,
215,240,25,134,9.00228E+14,m,5,6,2017,fldd,,,,,,,,,,,,,,,,,
254,277,23,173,9.00228E+14,m,5,6,2017,fldd,,,,,,,,,,,,,,,,,
236,260,24,163,9.00228E+14,m,5,6,2017,fldd,,,,,,,,,,,,,,,,,
205,239,34,116,9.00228E+14,m,5,6,2017,fldd,,,,,,,,,,,,,,,,,
235,267,32,150,9.00228E+14,m,5,6,2017,fldd,,,,,,,,,,,,,,,,,
231,264,33,175,9.00228E+14,m,5,6,2017,fldd,,,,,,,,,,,,,,,,,
210,245,35,127,9.00228E+14,m,5,6,2017,fldd,,,,,,,,,,,,,,,,,
238,274,36,193,9.00228E+14,m,5,6,2017,fldd,,,,,,,,,,,,,,,,,
233,268,35,173,9.00228E+14,m,5,6,2017,fldd,,,,,,,,,,,,,,,,,
227,259,32,158,9.00228E+14,m,5,6,2017,fldd,,,,,,,,,,,,,,,,,
232,258,26,179,9.00228E+14,m,5,6,2017,fldd,,,,,,,,,,,,,,,,,
249,282,33,239,9.00228E+14,f,5,6,2017,fldd,,,,,,,,,,,,,,,,,
220,249,29,140,9.00228E+14,m,5,6,2017,fldd,,,,,,,,,,,,,,,,,
245,274,29,207,9.00228E+14,f,5,6,2017,fldd,,,,,,,,,,,,,,,,,
230,264,34,182,9.00228E+14,m,5,6,2017,fldd,,,,,,,,,,,,,,,,,
240,275,35,175,9.00228E+14,m,5,6,2017,fldd,,,,,,,,,,,,,,,,,
236,278,42,188,9.00228E+14,m,5,6,2017,fldd,,,,,,,,,,,,,,,,,
233,267,34,182,9.00228E+14,m,5,6,2017,fldd,,,,,,,,,,,,,,,,,
215,246,31,131,9.00228E+14,m,5,6,2017,fldd,,,,,,,,,,,,,,,,,
243,276,33,196,9.00228E+14,f,5,6,2017,fldd,,,,,,,,,,,,,,,,,
215,245,30,127,9.00228E+14,f,5,6,2017,fldd,,,,,,,,,,,,,,,,,
231,263,32,169,9.00228E+14,f,5,6,2017,fldd,,,,,,,,,,,,,,,,,
200,229,29,120,9.00228E+14,m,5,6,2017,fldd,,,,,,,,,,,,,,,,,
230,264,34,173,9.00228E+14,m,5,6,2017,fldd,,,,,,,,,,,,,,,,,
232,269,37,162,9.00228E+14,m,5,6,2017,fldd,,,,,,,,,,,,,,,,,
245,281,36,186,9.00228E+14,m,5,6,2017,fldd,,,,,,,,,,,,,,,,,
220,253,33,169,9.00228E+14,m,5,6,2017,fldd,,,,,,,,,,,,,,,,,
228,259,31,162,9.00228E+14,m,5,6,2017,fldd,,,,,,,,,,,,,,,,,
205,236,31,141,9.00228E+14,m,5,6,2017,fldd,,,,,,,,,,,,,,,,,
236,282,46,286,9.00228E+14,f,5,6,2017,fldd,,,,,,,,,,,,,,,,,
210,242,32,124,9.00228E+14,m,6,6,2017,fldd,,,,,,,,,,,,,,,,,
214,245,31,143,9.00228E+14,m,6,6,2017,fldd,,,,,,,,,,,,,,,,,
244,275,31,215,9.00228E+14,f,6,6,2017,fldd,,,,,,,,,,,,,,,,,
260,301,41,280,9.00228E+14,f,6,6,2017,fldd,,,,,,,,,,,,,,,,,
232,265,33,188,9.00228E+14,f,6,6,2017,fldd,,,,,,,,,,,,,,,,,
227,260,33,163,9.00228E+14,m,6,6,2017,fldd,,,,,,,,,,,,,,,,,
202,233,31,109,9.00228E+14,m,6,6,2017,fldd,,,,,,,,,,,,,,,,,
250,285,35,251,9.00228E+14,f,6,6,2017,fldd,,,,,,,,,,,,,,,,,
256,296,40,254,9.00228E+14,f,6,6,2017,fldd,,,,,,,,,,,,,,,,,
216,245,29,142,9.00228E+14,m,6,6,2017,fldd,,,,,,,,,,,,,,,,,
235,269,34,185,9.00228E+14,m,6,6,2017,fldd,,,,,,,,,,,,,,,,,
259,302,43,261,9.00228E+14,f,7,6,2017,fldd,,,,,,,,,,,,,,,,,
253,287,34,219,9.00228E+14,f,7,6,2017,fldd,,,,,,,,,,,,,,,,,
251,285,34,222,9.00228E+14,f,7,6,2017,fldd,,,,,,,,,,,,,,,,,
250,284,34,225,9.00228E+14,f,7,6,2017,fldd,,,,,,,,,,,,,,,,,
235,272,37,181,9.00228E+14,m,7,6,2017,fldd,,,,,,,,,,,,,,,,,
220,255,35,158,9.00228E+14,f,7,6,2017,fldd,,,,,,,,,,,,,,,,,
267,304,37,253,9.00228E+14,f,7,6,2017,fldd,,,,,,,,,,,,,,,,,
212,243,31,125,9.00228E+14,f,7,6,2017,fldd,,,,,,,,,,,,,,,,,
264,303,39,260,9.00228E+14,f,7,6,2017,fldd,,,,,,,,,,,,,,,,,
215,247,32,116,9.00228E+14,f,9,6,2017,fldd,,,,,,,,,,,,,,,,,
220,250,30,15,9.00228E+14,m,9,6,2017,fldd,,,,,,,,,,,,,,,,,
243,276,33,220,9.00228E+14,f,9,6,2017,fldd,,,,,,,,,,,,,,,,,
227,261,34,155,9.00228E+14,f,9,6,2017,fldd,,,,,,,,,,,,,,,,,
234,266,32,189,9.00228E+14,f,9,6,2017,fldd,,,,,,,,,,,,,,,,,
253,289,36,205,9.00228E+14,f,9,6,2017,fldd,,,,,,,,,,,,,,,,,
239,271,32,205,9.00228E+14,f,9,6,2017,fldd,,,,,,,,,,,,,,,,,
256,293,37,242,9.00228E+14,m,9,6,2017,fldd,,,,,,,,,,,,,,,,,
226,258,32,162,9.00228E+14,f,9,6,2017,fldd,,,,,,,,,,,,,,,,,
278,321,43,298,9.00228E+14,f,9,6,2017,fldd,,,,,,,,,,,,,,,,,
248,285,37,265,9.00228E+14,f,9,6,2017,fldd,,,,,,,,,,,,,,,,,
235,271,36,188,9.00228E+14,f,9,6,2017,fldd,,,,,,,,,,,,,,,,,
197,226,29,110,9.00228E+14,m,9,6,2017,fldd,,,,,,,,,,,,,,,,,
246,283,37,212,9.00228E+14,m,9,6,2017,fldd,,,,,,,,,,,,,,,,,
252,293,41,225,9.00228E+14,f,9,6,2017,fldd,,,,,,,,,,,,,,,,,
236,271,35,179,9.00228E+14,m,9,6,2017,fldd,,,,,,,,,,,,,,,,,
233,266,33,184,9.00228E+14,m,9,6,2017,fldd,,,,,,,,,,,,,,,,,
260,300,40,239,9.00228E+14,m,9,6,2017,fldd,,,,,,,,,,,,,,,,,
260,294,34,267,9.00228E+14,f,9,6,2017,fldd,,,,,,,,,,,,,,,,,
251,287,36,241,9.00228E+14,f,9,6,2017,fldd,,,,,,,,,,,,,,,,,
226,258,32,160,9.00228E+14,m,9,6,2017,fldd,,,,,,,,,,,,,,,,,
274,314,40,323,9.00228E+14,f,9,6,2017,fldd,,,,,,,,,,,,,,,,,
203,232,29,119,9.00228E+14,m,9,6,2017,fldd,,,,,,,,,,,,,,,,,
231,263,32,171,9.00228E+14,m,9,6,2017,fldd,,,,,,,,,,,,,,,,,
225,258,33,146,9.00228E+14,m,9,6,2017,fldd,,,,,,,,,,,,,,,,,
249,286,37,217,9.00228E+14,f,9,6,2017,fldd,,,,,,,,,,,,,,,,,
240,276,36,179,9.00228E+14,m,9,6,2017,fldd,,,,,,,,,,,,,,,,,
244,276,32,220,9.00228E+14,m,9,6,2017,fldd,,,,,,,,,,,,,,,,,
207,240,33,130,9.00228E+14,m,9,6,2017,fldd,,,,,,,,,,,,,,,,,
246,278,32,203,9.00228E+14,m,9,6,2017,fldd,,,,,,,,,,,,,,,,,
251,285,34,213,9.00228E+14,f,9,6,2017,fldd,,,,,,,,,,,,,,,,,
205,234,29,112,9.00228E+14,m,9,6,2017,fldd,,,,,,,,,,,,,,,,,
220,250,30,151,9.00228E+14,m,9,6,2017,fldd,,,,,,,,,,,,,,,,,
231,262,31,186,9.00228E+14,f,9,6,2017,fldd,,,,,,,,,,,,,,,,,
245,280,35,203,9.00228E+14,m,9,6,2017,fldd,,,,,,,,,,,,,,,,,
230,261,31,164,9.00228E+14,f,9,6,2017,fldd,,,,,,,,,,,,,,,,,
221,252,31,156,9.00228E+14,m,9,6,2017,fldd,,,,,,,,,,,,,,,,,
234,267,33,113,9.00228E+14,m,9,6,2017,fldd,,,,,,,,,,,,,,,,,
200,227,27,106,9.00228E+14,m,9,6,2017,fldd,,,,,,,,,,,,,,,,,
209,241,32,121,9.00228E+14,m,9,6,2017,fldd,,,,,,,,,,,,,,,,,
213,244,31,138,9.00228E+14,m,9,6,2017,fldd,,,,,,,,,,,,,,,,,
246,281,35,215,9.00228E+14,f,9,6,2017,fldd,,,,,,,,,,,,,,,,,
206,237,31,118,9.00228E+14,m,10,6,2017,fldd,,,,,,,,,,,,,,,,,
218,252,34,153,9.00228E+14,m,10,6,2017,fldd,,,,,,,,,,,,,,,,,
206,237,31,121,9.00228E+14,m,10,6,2017,fldd,,,,,,,,,,,,,,,,,
232,267,35,176,9.00228E+14,m,10,6,2017,fldd,,,,,,,,,,,,,,,,,
234,265,31,173,9.00228E+14,m,10,6,2017,fldd,,,,,,,,,,,,,,,,,
210,240,30,140,9.00228E+14,f,10,6,2017,fldd,,,,,,,,,,,,,,,,,
255,292,37,240,9.00228E+14,m,10,6,2017,fldd,,,,,,,,,,,,,,,,,
207,237,30,122,9.00228E+14,m,10,6,2017,fldd,,,,,,,,,,,,,,,,,
235,270,35,195,9.00228E+14,f,12,6,2017,fldd,,,,,,,,,,,,,,,,,
258,296,38,240,9.00228E+14,f,12,6,2017,fldd,,,,,,,,,,,,,,,,,
240,276,36,195,9.00228E+14,m,12,6,2017,fldd,,,,,,,,,,,,,,,,,
215,246,31,131,9.00228E+14,m,12,6,2017,fldd,,,,,,,,,,,,,,,,,
254,292,38,240,9.00228E+14,f,12,6,2017,fldd,,,,,,,,,,,,,,,,,
216,247,31,132,9.00228E+14,m,12,6,2017,fldd,,,,,,,,,,,,,,,,,
243,275,32,203,9.00228E+14,f,12,6,2017,fldd,,,,,,,,,,,,,,,,,
245,283,38,195,9.00228E+14,f,12,6,2017,fldd,,,,,,,,,,,,,,,,,
207,238,31,126,9.00228E+14,f,12,6,2017,fldd,,,,,,,,,,,,,,,,,
236,270,34,191,9.00228E+14,f,12,6,2017,fldd,,,,,,,,,,,,,,,,,
217,248,31,136,9.00228E+14,m,12,6,2017,fldd,,,,,,,,,,,,,,,,,
236,271,35,173,9.00228E+14,m,12,6,2017,fldd,,,,,,,,,,,,,,,,,
233,266,33,182,9.00228E+14,m,12,6,2017,fldd,,,,,,,,,,,,,,,,,
227,258,31,107,9.00228E+14,f,8,5,2017,ms,,,,,,,,,,,,,,,,,
208,236,28,128,9.00228E+14,m,8,5,2017,ms,,,,,,,,,,,,,,,,,
262,298,36,306,9.00228E+14,f,8,5,2017,ms,,,,,,,,,,,,,,,,,
221,253,32,146,9.00228E+14,m,8,5,2017,ms,,,,,,,,,,,,,,,,,
235,264,29,209,9.00228E+14,f,8,5,2017,ms,,,,,,,,,,,,,,,,,
234,263,29,222,9.00228E+14,f,8,5,2017,ms,,,,,,,,,,,,,,,,,
223,254,31,164,9.00228E+14,m,8,5,2017,ms,,,,,,,,,,,,,,,,,
219,252,33,157,9.00228E+14,m,8,5,2017,ms,FRONT LAKE 7-8 May,,22-25 May FL,,27-30 May,,,3-Jun,,3 Jun FLDD,,5-7 June FLDD,,9-10 June FLDD,,12 June FLDD,
206,236,30,126,9.00228E+14,m,8,5,2017,ms,fl Lf,Mass,Lf,Mass,Lf,mass,,Lf,Mass,Lf,Mass,Lf,Mass,Lf,Mass,Lf,Mass
235,268,33,187,9.00228E+14,f,8,5,2017,ms,242.5,203,226.84375,175.28125,234.8780488,183.4146341,Mean,239.5,133,235.3882353,187.7411765,234.3333333,186.56,232.54,178.12,233.4615385,179.9230769
227,234,7,219,9.00228E+14,m,8,5,2017,ms,5.207366577,18.68510994,3.262726131,8.727417215,2.540452025,6.227787417,Standard Error,4.5,,1.8080968,4.394105835,1.959990194,5.07068025,2.759800348,7.971717353,4.328817249,10.78190646
217,246,29,160,9.00228E+14,m,8,5,2017,ms,238,195.5,224,169.5,236,177,Median,244,,236,185,235,182,233.5,177.5,236,191
265,305,40,298,9.00228E+14,f,8,5,2017,ms,235,#N/A,224,118,225,126,Mode,250,,235,189,220,163,234,220,236,195
239,269,30,219,9.00228E+14,f,8,5,2017,ms,12.75539102,45.76898513,18.45676618,49.36972716,16.26682993,39.87729655,Standard Deviation,14.23024947,,16.66982883,40.5116541,16.97401299,43.91337911,19.51473541,56.36855398,15.60777255,38.87471659
217,246,29,142,9.00228E+14,f,8,5,2017,ms,162.7,2094.8,340.6522177,2437.36996,264.6097561,1590.19878,Sample Variance,202.5,,277.8831933,1641.194118,288.1171171,1928.384865,380.824898,3177.413878,243.6025641,1511.24359
233,261,28,167,9.00228E+14,m,8,5,2017,ms,-1.555114994,1.916073021,0.344768923,0.90285992,-0.193629406,-0.251832658,Kurtosis,-0.58496019,,-0.207589281,-0.13335931,-0.609878128,-0.796821852,-0.555593994,0.748100356,-0.810855644,-0.927497929
246,284,38,224,9.00228E+14,m,8,5,2017,ms,0.567242711,1.015489971,0.691928809,0.957819069,-0.226825976,0.516264055,Skewness,-0.782544431,,-0.339600332,0.276332872,-0.278885367,0.24878206,0.104074931,0.054552614,-0.218796469,-0.019137364
264,283,19,254,9.00228E+14,f,8,5,2017,ms,32,136,78,205,70,153,Range,41,,69,177,71,177,81,308,51,114
227,274,47,204,9.00228E+14,f,8,5,2017,ms,228,147,200,112,198,122,Minimum,213,,196,111,196,109,197,15,207,126
199,231,32,128,9.00228E+14,m,8,5,2017,ms,260,283,278,317,268,275,Maximum,254,,265,288,267,286,278,323,258,240
254,287,33,226,9.00228E+14,f,8,5,2017,ms,1455,1218,7259,5609,9630,7520,Sum,2395,,20008,15958,17575,13992,11627,8906,3035,2339
254,289,35,253,9.00228E+14,m,8,5,2017,ms,6,6,32,32,41,41,Count,10,1,85,85,75,75,50,50,13,13
242,273,31,177,9.00228E+14,m,8,5,2017,ms,13.38596193,48.0316042,6.654373816,17.79968476,5.134445068,12.58682788,Confidence Level(95.0%),10.17970723,,3.595598776,8.738161341,3.905365712,10.10355095,5.546026438,16.01976579,9.43168256,23.49175612
230,261,31,174,9.00228E+14,m,8,5,2017,ms,,,,,,,,Count,,,,,,,,,
241,257,16,210,9.00228E+14,f,8,5,2017,ms,,,,,,,,Confidence Level(95.0%),,,,,,,,,
256,288,32,242,9.00228E+14,f,8,5,2017,ms,,,,,,,,,,,,,,,,,
229,264,35,197,9.00228E+14,m,8,5,2017,ms,,,,,,,,,,,,,,,,,
258,294,36,280,9.00228E+14,f,8,5,2017,ms,,,,,,,,,,,,,,,,,
232,260,28,174,9.00228E+14,m,8,5,2017,ms,,,,,,,,,,,,,,,,,
234,273,39,202,9.00228E+14,m,8,5,2017,ms,,,,,,,,,,,,,,,,,
256,285,29,211,9.00228E+14,m,8,5,2017,ms,,,,,,,,,,,,,,,,,
236,271,35,185,9.00228E+14,m,8,5,2017,ms,,,,,,,,,,,,,,,,,
217,228,11,102,9.00228E+14,m,8,5,2017,ms,,,,,,,,,,,,,,,,,
231,264,33,166,9.00228E+14,f,8,5,2017,ms,,,,,,,,,,,,,,,,,
234,263,29,191,9.00228E+14,m,8,5,2017,ms,,,,,,,,,,,,,,,,,
253,289,36,244,9.00228E+14,f,8,5,2017,ms,,,,,,,,,,,,,,,,,
247,276,29,179,9.00228E+14,f,8,5,2017,ms,,,,,,,,,,,,,,,,,
234,267,33,216,9.00228E+14,m,8,5,2017,ms,,,,,,,,,,,,,,,,,
259,299,40,253,9.00228E+14,f,8,5,2017,ms,,,,,,,,,,,,,,,,,
241,279,38,200,9.00228E+14,f,8,5,2017,ms,,,,,,,,,,,,,,,,,
258,276,18,220,9.00228E+14,f,8,5,2017,ms,,,,,,,,,,,,,,,,,
229,260,31,195,9.00228E+14,f,8,5,2017,ms,,,,,,,,,,,,,,,,,
215,237,22,106,9.00228E+14,m,8,5,2017,ms,,,,,,,,,,,,,,,,,
212,244,32,135,9.00228E+14,m,8,5,2017,ms,,,,,,,,,,,,,,,,,
242,274,32,204,9.00228E+14,m,8,5,2017,ms,,,,,,,,,,,,,,,,,
212,249,37,144,9.00228E+14,m,8,5,2017,ms,,,,,,,,,,,,,,,,,
244,279,35,220,9.00228E+14,f,8,5,2017,ms,,,,,,,,,,,,,,,,,
234,269,35,186,9.00228E+14,m,8,5,2017,ms,,,,,,,,,,,,,,,,,
235,267,32,168,9.00228E+14,f,8,5,2017,ms,,,,,,,,,,,,,,,,,
225,253,28,146,9.00228E+14,m,8,5,2017,ms,,,,,,,,,,,,,,,,,
217,241,24,197,9.00228E+14,m,8,5,2017,ms,,,,,,,,,,,,,,,,,
245,280,35,232,9.00228E+14,f,8,5,2017,ms,,,,,,,,,,,,,,,,,
223,266,43,154,9.00228E+14,m,8,5,2017,ms,,,,,,,,,,,,,,,,,
225,265,40,157,9.00228E+14,f,8,5,2017,ms,,,,,,,,,,,,,,,,,
252,287,35,216,9.00228E+14,f,8,5,2017,ms,,,,,,,,,,,,,,,,,
232,258,26,206,9.00228E+14,f,8,5,2017,ms,,,,,,,,,,,,,,,,,
207,236,29,107,9.00228E+14,m,8,5,2017,ms,,,,,,,,,,,,,,,,,
242,276,34,193,9.00228E+14,f,8,5,2017,ms,,,,,,,,,,,,,,,,,
261,294,33,258,9.00228E+14,f,8,5,2017,ms,,,,,,,,,,,,,,,,,
238,269,31,220,9.00228E+14,m,8,5,2017,ms,,,,,,,,,,,,,,,,,
246,281,35,232,9.00228E+14,f,8,5,2017,ms,,,,,,,,,,,,,,,,,
219,245,26,147,9.00228E+14,m,8,5,2017,ms,,,,,,,,,,,,,,,,,
210,232,22,120,9.00228E+14,m,8,5,2017,ms,,,,,,,,,,,,,,,,,
247,290,43,215,9.00228E+14,f,8,5,2017,ms,,,,,,,,,,,,,,,,,
245,276,31,235,9.00228E+14,f,8,5,2017,ms,,,,,,,,,,,,,,,,,
208,240,32,125,9.00228E+14,f,8,5,2017,ms,,,,,,,,,,,,,,,,,
238,264,26,164,9.00228E+14,m,8,5,2017,ms,,,,,,,,,,,,,,,,,
199,229,30,107,9.00228E+14,m,8,5,2017,ms,,,,,,,,,,,,,,,,,
244,279,35,215,9.00228E+14,f,8,5,2017,ms,,,,,,,,,,,,,,,,,
232,261,29,172,9.00228E+14,f,8,5,2017,ms,,,,,,,,,,,,,,,,,
246,280,34,238,9.00228E+14,f,8,5,2017,ms,,,,,,,,,,,,,,,,,
212,239,27,111,9.00228E+14,f,8,5,2017,ms,,,,,,,,,,,,,,,,,
257,291,34,226,9.00228E+14,f,8,5,2017,ms,,,,,,,,,,,,,,,,,
222,253,31,254,9.00228E+14,f,8,5,2017,ms,,,,,,,,,,,,,,,,,
248,284,36,221,9.00228E+14,f,8,5,2017,ms,,,,,,,,,,,,,,,,,
216,244,28,237,9.00228E+14,f,8,5,2017,ms,,,,,,,,,,,,,,,,,
218,249,31,133,9.00228E+14,m,8,5,2017,ms,,,,,,,,,,,,,,,,,
247,280,33,235,9.00228E+14,f,8,5,2017,ms,,,,,,,,,,,,,,,,,
239,271,32,204,9.00228E+14,m,8,5,2017,ms,,,,,,,,,,,,,,,,,
223,254,31,254,9.00228E+14,m,8,5,2017,ms,,,,,,,,,,,,,,,,,
258,293,35,274,9.00228E+14,f,8,5,2017,ms,,,,,,,,,,,,,,,,,
224,256,32,175,9.00228E+14,m,8,5,2017,ms,,,,,,,,,,,,,,,,,
235,266,31,193,9.00228E+14,f,8,5,2017,ms,,,,,,,,,,,,,,,,,
230,265,35,166,9.00228E+14,m,8,5,2017,ms,,,,,,,,,,,,,,,,,
237,274,37,203,9.00228E+14,f,8,5,2017,ms,,,,,,,,,,,,,,,,,
232,264,32,184,9.00228E+14,f,8,5,2017,ms,,,,,,,,,,,,,,,,,
235,276,41,188,9.00228E+14,f,8,5,2017,ms,,,,,,,,,,,,,,,,,
205,235,30,131,9.00228E+14,m,8,5,2017,ms,,,,,,,,,,,,,,,,,
261,296,35,279,9.00228E+14,f,8,5,2017,ms,,,,,,,,,,,,,,,,,
221,253,32,151,9.00228E+14,m,8,5,2017,ms,,,,,,,,,,,,,,,,,
241,274,33,202,9.00228E+14,m,8,5,2017,ms,,,,,,,,,,,,,,,,,
252,287,35,243,9.00228E+14,f,8,5,2017,ms,,,,,,,,,,,,,,,,,
211,239,28,133,9.00228E+14,m,8,5,2017,ms,,,,,,,,,,,,,,,,,
230,258,28,169,9.00228E+14,m,8,5,2017,ms,,,,,,,,,,,,,,,,,
250,284,34,239,9.00228E+14,f,8,5,2017,ms,,,,,,,,,,,,,,,,,
242,277,35,236,9.00228E+14,f,8,5,2017,ms,,,,,,,,,,,,,,,,,
234,266,32,172,9.00228E+14,f,8,5,2017,ms,,,,,,,,,,,,,,,,,
235,268,33,186,9.00228E+14,m,8,5,2017,ms,,,,,,,,,,,,,,,,,
241,275,34,185,9.00228E+14,m,8,5,2017,ms,,,,,,,,,,,,,,,,,
226,257,31,162,9.00228E+14,f,8,5,2017,ms,,,,,,,,,,,,,,,,,
224,255,31,160,9.00228E+14,m,8,5,2017,ms,,,,,,,,,,,,,,,,,
235,268,33,197,9.00228E+14,m,8,5,2017,ms,,,,,,,,,,,,,,,,,
243,275,32,226,9.00228E+14,f,8,5,2017,ms,,,,,,,,,,,,,,,,,
224,251,27,160,9.00228E+14,m,8,5,2017,ms,,,,,,,,,,,,,,,,,
229,258,29,156,9.00228E+14,m,8,5,2017,ms,,,,,,,,,,,,,,,,,
220,246,26,163,9.00228E+14,f,8,5,2017,ms,,,,,,,,,,,,,,,,,
226,256,30,160,9.00228E+14,m,8,5,2017,ms,,,,,,,,,,,,,,,,,
239,270,31,205,9.00228E+14,f,10,5,2017,ms,,,,,,,,,,,,,,,,,
226,284,58,259,9.00228E+14,f,10,5,2017,ms,,,,,,,,,,,,,,,,,
219,244,25,142,9.00228E+14,m,10,5,2017,ms,,,,,,,,,,,,,,,,,
229,264,35,200,9.00228E+14,f,10,5,2017,ms,,,,,,,,,,,,,,,,,
218,247,29,136,9.00228E+14,f,10,5,2017,ms,,,,,,,,,,,,,,,,,
233,264,31,203,9.00228E+14,f,10,5,2017,ms,,,,,,,,,,,,,,,,,
241,280,39,221,9.00228E+14,f,10,5,2017,ms,,,,,,,,,,,,,,,,,
233,269,36,194,9.00228E+14,f,10,5,2017,ms,,,,,,,,,,,,,,,,,
231,264,33,151,9.00228E+14,m,10,5,2017,ms,,,,,,,,,,,,,,,,,
240,287,47,254,9.00228E+14,f,10,5,2017,ms,,,,,,,,,,,,,,,,,
237,262,25,173,9.00228E+14,f,10,5,2017,ms,,,,,,,,,,,,,,,,,
211,230,19,137,9.00228E+14,m,10,5,2017,ms,,,,,,,,,,,,,,,,,
239,261,22,195,9.00228E+14,f,10,5,2017,ms,,,,,,,,,,,,,,,,,
219,229,10,102,9.00228E+14,f,10,5,2017,ms,,,,,,,,,,,,,,,,,
219,244,25,139,9.00228E+14,m,10,5,2017,ms,,,,,,,,,,,,,,,,,
221,232,11,117,9.00228E+14,m,10,5,2017,ms,,,,,,,,,,,,,,,,,
197,226,29,111,9.00228E+14,m,10,5,2017,ms,,,,,,,,,,,,,,,,,
227,260,33,173,9.00228E+14,f,10,5,2017,ms,,,,,,,,,,,,,,,,,
246,284,38,234,9.00228E+14,f,10,5,2017,ms,,,,,,,,,,,,,,,,,
246,282,36,223,9.00228E+14,m,10,5,2017,ms,,,,,,,,,,,,,,,,,
235,274,39,219,9.00228E+14,f,10,5,2017,ms,,,,,,,,,,,,,,,,,
259,296,37,271,9.00228E+14,f,10,5,2017,ms,,,,,,,,,,,,,,,,,
234,272,38,189,9.00228E+14,m,10,5,2017,ms,,,,,,,,,,,,,,,,,
246,267,21,184,9.00228E+14,m,10,5,2017,ms,,,,,,,,,,,,,,,,,
241,279,38,218,9.00228E+14,f,10,5,2017,ms,,,,,,,,,,,,,,,,,
233,266,33,183,9.00228E+14,m,10,5,2017,ms,,,,,,,,,,,,,,,,,
220,251,31,153,9.00228E+14,f,10,5,2017,ms,,,,,,,,,,,,,,,,,
202,231,29,116,9.00228E+14,m,10,5,2017,ms,,,,,,,,,,,,,,,,,
205,238,33,123,9.00228E+14,m,10,5,2017,ms,,,,,,,,,,,,,,,,,
240,271,31,205,9.00228E+14,f,10,5,2017,ms,,,,,,,,,,,,,,,,,
226,267,41,194,9.00228E+14,f,10,5,2017,ms,,,,,,,,,,,,,,,,,
244,280,36,232,9.00228E+14,f,10,5,2017,ms,,,,,,,,,,,,,,,,,
250,282,32,247,9.00228E+14,f,10,5,2017,ms,,,,,,,,,,,,,,,,,
257,292,35,275,9.00228E+14,f,10,5,2017,ms,,,,,,,,,,,,,,,,,
232,265,33,205,9.00228E+14,f,10,5,2017,ms,,,,,,,,,,,,,,,,,
219,249,30,150,9.00228E+14,m,10,5,2017,ms,,,,,,,,,,,,,,,,,
240,274,34,205,9.00228E+14,f,10,5,2017,ms,,,,,,,,,,,,,,,,,
231,259,28,173,9.00228E+14,f,10,5,2017,ms,,,,,,,,,,,,,,,,,
246,279,33,238,9.00228E+14,f,10,5,2017,ms,,,,,,,,,,,,,,,,,
222,254,32,168,9.00228E+14,f,10,5,2017,ms,,,,,,,,,,,,,,,,,
227,258,31,162,9.00228E+14,f,10,5,2017,ms,,,,,,,,,,,,,,,,,
235,267,32,185,9.00228E+14,f,10,5,2017,ms,,,,,,,,,,,,,,,,,
218,246,28,155,9.00228E+14,m,10,5,2017,ms,,,,,,,,,,,,,,,,,
201,228,27,111,9.00228E+14,m,10,5,2017,ms,,,,,,,,,,,,,,,,,
242,272,30,227,9.00228E+14,f,10,5,2017,ms,,,,,,,,,,,,,,,,,
210,243,33,145,9.00228E+14,m,10,5,2017,ms,,,,,,,,,,,,,,,,,
228,255,27,187,9.00228E+14,f,10,5,2017,ms,,,,,,,,,,,,,,,,,
229,258,29,171,9.00228E+14,m,10,5,2017,ms,,,,,,,,,,,,,,,,,
252,287,35,270,9.00228E+14,f,10,5,2017,ms,,,,,,,,,,,,,,,,,
236,266,30,189,9.00228E+14,f,10,5,2017,ms,,,,,,,,,,,,,,,,,
249,281,32,235,9.00228E+14,f,10,5,2017,ms,,,,,,,,,,,,,,,,,
257,292,35,264,9.00228E+14,f,10,5,2017,ms,,,,,,,,,,,,,,,,,
244,280,36,220,9.00228E+14,f,10,5,2017,ms,,,,,,,,,,,,,,,,,
249,285,36,237,9.00228E+14,f,10,5,2017,ms,,,,,,,,,,,,,,,,,
231,262,31,170,9.00228E+14,m,10,5,2017,ms,,,,,,,,,,,,,,,,,
231,262,31,181,9.00228E+14,m,10,5,2017,ms,,,,,,,,,,,,,,,,,
216,247,31,163,9.00228E+14,f,10,5,2017,ms,,,,,,,,,,,,,,,,,
227,260,33,180,9.00228E+14,f,10,5,2017,ms,,,,,,,,,,,,,,,,,
196,220,24,110,9.00228E+14,m,10,5,2017,ms,,,,,,,,,,,,,,,,,
254,286,32,233,9.00228E+14,f,10,5,2017,ms,,,,,,,,,,,,,,,,,
252,286,34,241,9.00228E+14,f,10,5,2017,ms,,,,,,,,,,,,,,,,,
254,294,40,245,9.00228E+14,f,10,5,2017,ms,,,,,,,,,,,,,,,,,
220,250,30,174,9.00228E+14,m,10,5,2017,ms,,,,,,,,,,,,,,,,,
265,301,36,284,9.00228E+14,f,10,5,2017,ms,,,,,,,,,,,,,,,,,
252,286,34,243,9.00228E+14,f,10,5,2017,ms,,,,,,,,,,,,,,,,,
235,266,31,206,9.00228E+14,f,10,5,2017,ms,,,,,,,,,,,,,,,,,
252,286,34,237,9.00228E+14,f,10,5,2017,ms,,,,,,,,,,,,,,,,,
241,274,33,209,9.00228E+14,f,10,5,2017,ms,,,,,,,,,,,,,,,,,
209,230,21,126,9.00228E+14,m,10,5,2017,ms,,,,,,,,,,,,,,,,,
253,280,27,236,9.00228E+14,f,10,5,2017,ms,,,,,,,,,,,,,,,,,
235,268,33,180,9.00228E+14,m,10,5,2017,ms,,,,,,,,,,,,,,,,,
191,211,20,101,9.00228E+14,m,10,5,2017,ms,,,,,,,,,,,,,,,,,
235,260,25,175,9.00228E+14,m,10,5,2017,ms,,,,,,,,,,,,,,,,,
211,240,29,135,9.00228E+14,m,10,5,2017,ms,,,,,,,,,,,,,,,,,
234,261,27,192,9.00228E+14,m,10,5,2017,ms,,,,,,,,,,,,,,,,,
202,230,28,110,9.00228E+14,f,10,5,2017,ms,,,,,,,,,,,,,,,,,
264,298,34,290,9.00228E+14,f,10,5,2017,ms,,,,,,,,,,,,,,,,,
220,247,27,139,9.00228E+14,m,10,5,2017,ms,,,,,,,,,,,,,,,,,
221,263,42,174,9.00228E+14,m,10,5,2017,ms,,,,,,,,,,,,,,,,,
234,268,34,198,9.00228E+14,m,10,5,2017,ms,,,,,,,,,,,,,,,,,
256,279,23,213,9.00228E+14,m,10,5,2017,ms,,,,,,,,,,,,,,,,,
245,276,31,223,9.00228E+14,m,10,5,2017,ms,,,,,,,,,,,,,,,,,
207,231,24,131,9.00228E+14,m,10,5,2017,ms,,,,,,,,,,,,,,,,,
236,266,30,206,9.00228E+14,m,10,5,2017,ms,,,,,,,,,,,,,,,,,
232,262,30,206,9.00228E+14,m,10,5,2017,ms,,,,,,,,,,,,,,,,,
235,264,29,198,9.00228E+14,m,10,5,2017,ms,,,,,,,,,,,,,,,,,
232,257,25,159,9.00228E+14,m,10,5,2017,ms,,,,,,,,,,,,,,,,,
194,220,26,99,9.00228E+14,m,10,5,2017,ms,,,,,,,,,,,,,,,,,
256,284,28,253,9.00228E+14,f,10,5,2017,ms,,,,,,,,,,,,,,,,,
240,273,33,207,9.00228E+14,m,10,5,2017,ms,,,,,,,,,,,,,,,,,
213,241,28,132,9.00228E+14,m,10,5,2017,ms,,,,,,,,,,,,,,,,,
241,265,24,207,9.00228E+14,f,10,5,2017,ms,,,,,,,,,,,,,,,,,
209,234,25,132,9.00228E+14,m,10,5,2017,ms,,,,,,,,,,,,,,,,,
231,259,28,181,9.00228E+14,m,10,5,2017,ms,,,,,,,,,,,,,,,,,
239,270,31,208,9.00228E+14,f,10,5,2017,ms,,,,,,,,,,,,,,,,,
221,246,25,149,9.00228E+14,m,10,5,2017,ms,,,,,,,,,,,,,,,,,
213,245,32,145,9.00228E+14,f,10,5,2017,ms,,,,,,,,,,,,,,,,,
233,261,28,288,9.00228E+14,f,10,5,2017,ms,,,,,,,,,,,,,,,,,
232,267,35,192,9.00228E+14,m,10,5,2017,ms,,,,,,,,,,,,,,,,,
212,242,30,132,9.00228E+14,m,17,5,2017,ms,,,,,,,,,,,,,,,,,
216,248,32,157,9.00228E+14,f,17,5,2017,ms,,,,,,,,,,,,,,,,,
265,297,32,245,9.00228E+14,f,17,5,2017,ms,,,,,,,,,,,,,,,,,
233,265,32,175,9.00228E+14,f,17,5,2017,ms,,,,,,,,,,,,,,,,,
243,280,37,227,9.00228E+14,f,17,5,2017,ms,,,,,,,,,,,,,,,,,
250,291,41,217,9.00228E+14,f,17,5,2017,ms,,,,,,,,,,,,,,,,,
240,272,32,184,9.00228E+14,f,17,5,2017,ms,,,,,,,,,,,,,,,,,
256,294,38,258,9.00228E+14,f,17,5,2017,ms,,,,,,,,,,,,,,,,,
229,264,35,172,9.00228E+14,f,17,5,2017,ms,,,,,,,,,,,,,,,,,
242,276,34,236,9.00228E+14,f,17,5,2017,ms,,,,,,,,,,,,,,,,,
225,257,32,186,9.00228E+14,m,17,5,2017,ms,,,,,,,,,,,,,,,,,
213,245,32,138,9.00228E+14,m,17,5,2017,ms,,,,,,,,,,,,,,,,,
205,237,32,110,9.00228E+14,m,17,5,2017,ms,,,,,,,,,,,,,,,,,
265,304,39,269,9.00228E+14,f,17,5,2017,ms,,,,,,,,,,,,,,,,,
236,271,35,215,9.00228E+14,f,17,5,2017,ms,,,,,,,,,,,,,,,,,
249,289,40,243,9.00228E+14,f,17,5,2017,ms,,,,,,,,,,,,,,,,,
220,251,31,167,9.00228E+14,m,17,5,2017,ms,,,,,,,,,,,,,,,,,
244,275,31,204,9.00228E+14,m,17,5,2017,ms,,,,,,,,,,,,,,,,,
210,241,31,109,9.00228E+14,m,17,5,2017,ms,,,,,,,,,,,,,,,,,
223,254,31,152,9.00228E+14,m,17,5,2017,ms,,,,,,,,,,,,,,,,,
235,267,32,203,9.00228E+14,f,17,5,2017,ms,,,,,,,,,,,,,,,,,
244,280,36,206,9.00228E+14,f,17,5,2017,ms,,,,,,,,,,,,,,,,,
234,267,33,190,9.00228E+14,m,17,5,2017,ms,,,,,,,,,,,,,,,,,
195,223,28,105,9.00228E+14,m,17,5,2017,ms,,,,,,,,,,,,,,,,,
274,309,35,319,9.00228E+14,f,17,5,2017,ms,,,,,,,,,,,,,,,,,
256,285,29,232,9.00228E+14,f,17,5,2017,ms,,,,,,,,,,,,,,,,,
218,245,27,159,9.00228E+14,m,17,5,2017,ms,,,,,,,,,,,,,,,,,
233,266,33,205,9.00228E+14,m,17,5,2017,ms,,,,,,,,,,,,,,,,,
226,261,35,179,9.00228E+14,f,31,5,2017,ms,,,,,,,,,,,,,,,,,
256,299,43,278,9.00228E+14,f,31,5,2017,ms,,,,,,,,,,,,,,,,,
219,253,34,158,9.00228E+14,m,31,5,2017,ms,,,,,,,,,,,,,,,,,
236,272,36,200,9.00228E+14,m,31,5,2017,ms,,,,,,,,,,,,,,,,,
258,287,29,236,9.00228E+14,m,11,5,2017,mstgd,,,,,,,,,,,,,,,,,
236,263,27,178,9.00228E+14,f,11,5,2017,mstgd,,,,,,,,,,,,,,,,,
250,280,30,233,9.00228E+14,f,11,5,2017,mstgd,,,,,,,,,,,,,,,,,
244,274,30,222,9.00228E+14,f,11,5,2017,mstgd,,,,,,,,,,,,,,,,,
274,307,33,298,9.00228E+14,f,11,5,2017,mstgd,,,,,,,,,,,,,,,,,
265,302,37,281,9.00228E+14,f,11,5,2017,mstgd,,,,,,,,,,,,,,,,,
243,274,31,217,9.00228E+14,f,11,5,2017,mstgd,,,,,,,,,,,,,,,,,
234,265,31,196,9.00228E+14,m,11,5,2017,mstgd,,,,,,,,,,,,,,,,,
251,280,29,239,9.00228E+14,f,11,5,2017,mstgd,,,,,,,,,,,,,,,,,
258,294,36,257,9.00228E+14,f,11,5,2017,mstgd,,,,,,,,,,,,,,,,,
204,231,27,110,9.00228E+14,m,11,5,2017,mstgd,,,,,,,,,,,,,,,,,
239,271,32,201,9.00228E+14,f,11,5,2017,mstgd,,,,,,,,,,,,,,,,,
223,252,29,134,9.00228E+14,m,11,5,2017,mstgd,,,,,,,,,,,,,,,,,
253,284,31,231,9.00228E+14,f,11,5,2017,mstgd,,,,,,,,,,,,,,,,,
239,266,27,198,9.00228E+14,f,11,5,2017,mstgd,,,,,,,,,,,,,,,,,
246,278,32,214,9.00228E+14,f,11,5,2017,mstgd,,,,,,,,,,,,,,,,,
238,268,30,194,9.00228E+14,f,11,5,2017,mstgd,,,,,,,,,,,,,,,,,
226,257,31,161,9.00228E+14,m,11,5,2017,mstgd,,,,,,,,,,,,,,,,,
226,255,29,163,9.00228E+14,m,11,5,2017,mstgd,,,,,,,,,,,,,,,,,
229,262,33,158,9.00228E+14,m,11,5,2017,mstgd,,,,,,,,,,,,,,,,,
242,275,33,207,9.00228E+14,f,11,5,2017,mstgd,,,,,,,,,,,,,,,,,
261,300,39,250,9.00228E+14,m,11,5,2017,mstgd,,,,,,,,,,,,,,,,,
228,265,37,178,9.00228E+14,m,11,5,2017,mstgd,,,,,,,,,,,,,,,,,
245,284,39,197,9.00228E+14,m,11,5,2017,mstgd,,,,,,,,,,,,,,,,,
210,235,25,127,9.00228E+14,m,11,5,2017,mstgd,,,,,,,,,,,,,,,,,
228,259,31,168,9.00228E+14,m,11,5,2017,mstgd,,,,,,,,,,,,,,,,,
216,246,30,137,9.00228E+14,m,11,5,2017,mstgd,,,,,,,,,,,,,,,,,
233,264,31,187,9.00228E+14,m,11,5,2017,mstgd,,,,,,,,,,,,,,,,,
233,265,32,180,9.00228E+14,m,11,5,2017,mstgd,,,,,,,,,,,,,,,,,
214,241,27,143,9.00228E+14,m,11,5,2017,mstgd,,,,,,,,,,,,,,,,,
227,258,31,153,9.00228E+14,m,11,5,2017,mstgd,,,,,,,,,,,,,,,,,
230,264,34,162,9.00228E+14,m,11,5,2017,mstgd,,,,,,,,,,,,,,,,,
236,265,29,177,9.00228E+14,f,11,5,2017,mstgd,,,,,,,,,,,,,,,,,
245,278,33,249,9.00228E+14,f,11,5,2017,mstgd,,,,,,,,,,,,,,,,,
238,273,35,203,9.00228E+14,m,11,5,2017,mstgd,,,,,,,,,,,,,,,,,
237,274,37,188,9.00228E+14,m,11,5,2017,mstgd,,,,,,,,,,,,,,,,,
237,276,39,193,9.00228E+14,f,11,5,2017,mstgd,,,,,,,,,,,,,,,,,
232,268,36,200,9.00228E+14,m,11,5,2017,mstgd,,,,,,,,,,,,,,,,,
238,268,30,191,9.00228E+14,m,11,5,2017,mstgd,,,,,,,,,,,,,,,,,
258,291,33,240,9.00228E+14,f,11,5,2017,mstgd,,,,,,,,,,,,,,,,,
226,261,35,244,9.00228E+14,f,11,5,2017,mstgd,,,,,,,,,,,,,,,,,
238,276,38,196,9.00228E+14,m,11,5,2017,mstgd,,,,,,,,,,,,,,,,,
234,272,38,195,9.00228E+14,f,11,5,2017,mstgd,,,,,,,,,,,,,,,,,
248,276,28,247,9.00228E+14,f,11,5,2017,mstgd,,,,,,,,,,,,,,,,,
228,258,30,164,9.00228E+14,f,11,5,2017,mstgd,,,,,,,,,,,,,,,,,
200,234,34,122,9.00228E+14,m,11,5,2017,mstgd,,,,,,,,,,,,,,,,,
216,248,32,184,9.00228E+14,m,11,5,2017,mstgd,,,,,,,,,,,,,,,,,
224,254,30,163,9.00228E+14,f,11,5,2017,mstgd,,,,,,,,,,,,,,,,,
226,260,34,133,9.00228E+14,m,11,5,2017,mstgd,,,,,,,,,,,,,,,,,
206,236,30,123,9.00228E+14,m,11,5,2017,mstgd,,,,,,,,,,,,,,,,,
218,254,36,134,9.00228E+14,m,11,5,2017,mstgd,,,,,,,,,,,,,,,,,
251,284,33,253,9.00228E+14,f,11,5,2017,mstgd,,,,,,,,,,,,,,,,,
218,249,31,141,9.00228E+14,m,11,5,2017,mstgd,,,,,,,,,,,,,,,,,
234,265,31,204,9.00228E+14,f,11,5,2017,mstgd,,,,,,,,,,,,,,,,,
157,192,35,254,9.00228E+14,f,11,5,2017,mstgd,,,,,,,,,,,,,,,,,
242,273,31,197,9.00228E+14,f,11,5,2017,mstgd,,,,,,,,,,,,,,,,,
237,267,30,182,9.00228E+14,m,11,5,2017,mstgd,,,,,,,,,,,,,,,,,
209,232,23,125,9.00228E+14,m,11,5,2017,mstgd,,,,,,,,,,,,,,,,,
212,238,26,141,9.00228E+14,m,11,5,2017,mstgd,,,,,,,,,,,,,,,,,
231,269,38,146,9.00228E+14,m,11,5,2017,mstgd,,,,,,,,,,,,,,,,,
221,254,33,159,9.00228E+14,m,11,5,2017,mstgd,,,,,,,,,,,,,,,,,
236,267,31,200,9.00228E+14,f,11,5,2017,mstgd,,,,,,,,,,,,,,,,,
247,283,36,229,9.00228E+14,f,11,5,2017,mstgd,,,,,,,,,,,,,,,,,
222,253,31,150,9.00228E+14,m,11,5,2017,mstgd,,,,,,,,,,,,,,,,,
225,257,32,142,9.00228E+14,m,11,5,2017,mstgd,,,,,,,,,,,,,,,,,
251,285,34,225,9.00228E+14,f,11,5,2017,mstgd,,,,,,,,,,,,,,,,,
213,242,29,129,9.00228E+14,m,11,5,2017,mstgd,,,,,,,,,,,,,,,,,
223,257,34,162,9.00228E+14,m,11,5,2017,mstgd,,,,,,,,,,,,,,,,,
227,255,28,166,9.00228E+14,f,11,5,2017,mstgd,,,,,,,,,,,,,,,,,
236,267,31,172,9.00228E+14,m,11,5,2017,mstgd,,,,,,,,,,,,,,,,,
266,302,36,297,9.00228E+14,f,11,5,2017,mstgd,,,,,,,,,,,,,,,,,
250,283,33,219,9.00228E+14,m,11,5,2017,mstgd,,,,,,,,,,,,,,,,,
252,287,35,253,9.00228E+14,f,11,5,2017,mstgd,,,,,,,,,,,,,,,,,
237,267,30,192,9.00228E+14,m,11,5,2017,mstgd,,,,,,,,,,,,,,,,,
206,234,28,134,9.00228E+14,f,11,5,2017,mstgd,,,,,,,,,,,,,,,,,
227,260,33,168,9.00228E+14,m,11,5,2017,mstgd,,,,,,,,,,,,,,,,,
229,264,35,171,9.00228E+14,m,11,5,2017,mstgd,,,,,,,,,,,,,,,,,
226,250,24,159,9.00228E+14,m,11,5,2017,mstgd,,,,,,,,,,,,,,,,,
227,261,34,154,9.00228E+14,m,11,5,2017,mstgd,,,,,,,,,,,,,,,,,
251,283,32,236,9.00228E+14,f,11,5,2017,mstgd,,,,,,,,,,,,,,,,,
243,276,33,206,9.00228E+14,m,11,5,2017,mstgd,,,,,,,,,,,,,,,,,
215,246,31,159,9.00228E+14,f,11,5,2017,mstgd,,,,,,,,,,,,,,,,,
227,258,31,181,9.00228E+14,m,11,5,2017,mstgd,,,,,,,,,,,,,,,,,
265,299,34,218,9.00228E+14,f,11,5,2017,mstgd,,,,,,,,,,,,,,,,,
245,280,35,211,9.00228E+14,m,11,5,2017,mstgd,,,,,,,,,,,,,,,,,
248,280,32,232,9.00228E+14,f,11,5,2017,mstgd,,,,,,,,,,,,,,,,,
245,279,34,233,9.00228E+14,f,11,5,2017,mstgd,,,,,,,,,,,,,,,,,
234,262,28,161,9.00228E+14,m,11,5,2017,mstgd,,,,,,,,,,,,,,,,,
238,274,36,190,9.00228E+14,m,11,5,2017,mstgd,,,,,,,,,,,,,,,,,
249,282,33,202,9.00228E+14,f,11,5,2017,mstgd,,,,,,,,,,,,,,,,,
259,293,34,253,9.00228E+14,f,11,5,2017,mstgd,,,,,,,,,,,,,,,,,
212,242,30,123,9.00228E+14,m,11,5,2017,mstgd,,,,,,,,,,,,,,,,,
262,295,33,248,9.00228E+14,f,11,5,2017,mstgd,,,,,,,,,,,,,,,,,
212,241,29,127,9.00228E+14,m,11,5,2017,mstgd,,,,,,,,,,,,,,,,,
225,256,31,157,9.00228E+14,f,11,5,2017,mstgd,,,,,,,,,,,,,,,,,
215,242,27,145,9.00228E+14,f,11,5,2017,mstgd,,,,,,,,,,,,,,,,,
228,259,31,205,9.00228E+14,m,11,5,2017,mstgd,,,,,,,,,,,,,,,,,
259,290,31,204,9.00228E+14,m,11,5,2017,mstgd,,,,,,,,,,,,,,,,,
266,299,33,266,9.00228E+14,f,11,5,2017,mstgd,,,,,,,,,,,,,,,,,
241,272,31,195,9.00228E+14,f,11,5,2017,mstgd,,,,,,,,,,,,,,,,,
231,261,30,174,9.00228E+14,m,11,5,2017,mstgd,,,,,,,,,,,,,,,,,
216,242,26,135,9.00228E+14,f,14,5,2017,mstgd,,,,,,,,,,,,,,,,,
204,229,25,126,9.00228E+14,m,14,5,2017,mstgd,,,,,,,,,,,,,,,,,
243,278,35,222,9.00228E+14,f,14,5,2017,mstgd,,,,,,,,,,,,,,,,,
208,238,30,152,9.00228E+14,m,14,5,2017,mstgd,,,,,,,,,,,,,,,,,
247,283,36,219,9.00228E+14,f,14,5,2017,mstgd,,,,,,,,,,,,,,,,,
229,257,28,197,9.00228E+14,m,14,5,2017,mstgd,,,,,,,,,,,,,,,,,
251,286,35,252,9.00228E+14,f,14,5,2017,mstgd,,,,,,,,,,,,,,,,,
235,264,29,141,9.00228E+14,m,14,5,2017,mstgd,,,,,,,,,,,,,,,,,
236,253,17,252,9.00228E+14,f,14,5,2017,mstgd,,,,,,,,,,,,,,,,,
254,282,28,252,9.00228E+14,f,14,5,2017,mstgd,,,,,,,,,,,,,,,,,
231,264,33,219,9.00228E+14,m,14,5,2017,mstgd,,,,,,,,,,,,,,,,,
261,293,32,275,9.00228E+14,f,14,5,2017,mstgd,,,,,,,,,,,,,,,,,
228,259,31,178,9.00228E+14,f,14,5,2017,mstgd,,,,,,,,,,,,,,,,,
275,304,29,291,9.00228E+14,f,14,5,2017,mstgd,,,,,,,,,,,,,,,,,
253,287,34,277,9.00228E+14,f,14,5,2017,mstgd,,,,,,,,,,,,,,,,,
229,258,29,161,9.00228E+14,m,14,5,2017,mstgd,,,,,,,,,,,,,,,,,
200,228,28,103,9.00228E+14,m,14,5,2017,mstgd,,,,,,,,,,,,,,,,,
205,236,31,128,9.00228E+14,m,14,5,2017,mstgd,,,,,,,,,,,,,,,,,
238,276,38,201,9.00228E+14,f,14,5,2017,mstgd,,,,,,,,,,,,,,,,,
221,251,30,195,9.00228E+14,m,14,5,2017,mstgd,,,,,,,,,,,,,,,,,
213,245,32,142,9.00228E+14,m,14,5,2017,mstgd,,,,,,,,,,,,,,,,,
227,256,29,165,9.00228E+14,m,14,5,2017,mstgd,,,,,,,,,,,,,,,,,
204,233,29,124,9.00228E+14,m,14,5,2017,mstgd,,,,,,,,,,,,,,,,,
226,252,26,149,9.00228E+14,m,14,5,2017,mstgd,,,,,,,,,,,,,,,,,
245,283,38,245,9.00228E+14,f,14,5,2017,mstgd,,,,,,,,,,,,,,,,,
231,256,25,190,9.00228E+14,f,14,5,2017,mstgd,,,,,,,,,,,,,,,,,
212,239,27,143,9.00228E+14,m,14,5,2017,mstgd,,,,,,,,,,,,,,,,,
234,262,28,172,9.00228E+14,m,14,5,2017,mstgd,,,,,,,,,,,,,,,,,
203,234,31,104,9.00228E+14,m,14,5,2017,mstgd,,,,,,,,,,,,,,,,,
202,231,29,115,9.00228E+14,m,14,5,2017,mstgd,,,,,,,,,,,,,,,,,
219,248,29,134,9.00228E+14,m,14,5,2017,mstgd,,,,,,,,,,,,,,,,,
224,255,31,146,9.00228E+14,f,14,5,2017,mstgd,,,,,,,,,,,,,,,,,
240,277,37,195,9.00228E+14,m,14,5,2017,mstgd,,,,,,,,,,,,,,,,,
224,259,35,182,9.00228E+14,f,14,5,2017,mstgd,,,,,,,,,,,,,,,,,
217,248,31,165,9.00228E+14,m,14,5,2017,mstgd,,,,,,,,,,,,,,,,,
243,277,34,204,9.00228E+14,f,14,5,2017,mstgd,,,,,,,,,,,,,,,,,
228,265,37,184,9.00228E+14,m,14,5,2017,mstgd,,,,,,,,,,,,,,,,,
214,244,30,121,9.00228E+14,m,14,5,2017,mstgd,,,,,,,,,,,,,,,,,
236,271,35,188,9.00228E+14,f,14,5,2017,mstgd,,,,,,,,,,,,,,,,,
225,259,34,160,9.00228E+14,m,14,5,2017,mstgd,,,,,,,,,,,,,,,,,
246,281,35,201,9.00228E+14,f,14,5,2017,mstgd,,,,,,,,,,,,,,,,,
245,280,35,177,9.00228E+14,f,14,5,2017,mstgd,,,,,,,,,,,,,,,,,
230,265,35,164,9.00228E+14,f,14,5,2017,mstgd,,,,,,,,,,,,,,,,,
217,247,30,127,9.00228E+14,m,14,5,2017,mstgd,,,,,,,,,,,,,,,,,
210,240,30,117,9.00228E+14,m,14,5,2017,mstgd,,,,,,,,,,,,,,,,,
204,234,30,116,9.00228E+14,m,16,5,2017,mstgd,,,,,,,,,,,,,,,,,
222,254,32,143,9.00228E+14,f,16,5,2017,mstgd,,,,,,,,,,,,,,,,,
223,255,32,154,9.00228E+14,m,16,5,2017,mstgd,,,,,,,,,,,,,,,,,
251,284,33,266,9.00228E+14,f,16,5,2017,mstgd,,,,,,,,,,,,,,,,,
218,248,30,148,9.00228E+14,m,16,5,2017,mstgd,,,,,,,,,,,,,,,,,
236,267,31,197,9.00228E+14,f,16,5,2017,mstgd,,,,,,,,,,,,,,,,,
228,246,18,182,9.00228E+14,f,16,5,2017,mstgd,,,,,,,,,,,,,,,,,
225,257,32,178,9.00228E+14,f,16,5,2017,mstgd,,,,,,,,,,,,,,,,,
229,263,34,183,9.00228E+14,m,16,5,2017,mstgd,,,,,,,,,,,,,,,,,
252,286,34,240,9.00228E+14,f,16,5,2017,mstgd,,,,,,,,,,,,,,,,,
240,275,35,207,9.00228E+14,m,16,5,2017,mstgd,,,,,,,,,,,,,,,,,
255,286,31,243,9.00228E+14,f,16,5,2017,mstgd,,,,,,,,,,,,,,,,,
234,267,33,274,9.00228E+14,m,16,5,2017,mstgd,,,,,,,,,,,,,,,,,
220,251,31,158,9.00228E+14,f,16,5,2017,mstgd,,,,,,,,,,,,,,,,,
236,264,28,185,9.00228E+14,m,16,5,2017,mstgd,,,,,,,,,,,,,,,,,
241,275,34,222,9.00228E+14,m,16,5,2017,mstgd,,,,,,,,,,,,,,,,,
264,296,32,283,9.00228E+14,f,16,5,2017,mstgd,,,,,,,,,,,,,,,,,
224,255,31,152,9.00228E+14,m,16,5,2017,mstgd,,,,,,,,,,,,,,,,,
250,280,30,227,9.00228E+14,f,16,5,2017,mstgd,,,,,,,,,,,,,,,,,
208,235,27,137,9.00228E+14,f,16,5,2017,mstgd,,,,,,,,,,,,,,,,,
235,269,34,238,9.00228E+14,f,16,5,2017,mstgd,,,,,,,,,,,,,,,,,
262,287,25,262,9.00228E+14,f,16,5,2017,mstgd,,,,,,,,,,,,,,,,,
235,266,31,172,9.00228E+14,m,16,5,2017,mstgd,,,,,,,,,,,,,,,,,
228,256,28,171,9.00228E+14,m,16,5,2017,mstgd,,,,,,,,,,,,,,,,,
265,296,31,272,9.00228E+14,f,16,5,2017,mstgd,,,,,,,,,,,,,,,,,
255,294,39,298,9.00228E+14,f,16,5,2017,mstgd,,,,,,,,,,,,,,,,,
238,269,31,214,9.00228E+14,f,16,5,2017,mstgd,,,,,,,,,,,,,,,,,
261,294,33,298,9.00228E+14,f,16,5,2017,mstgd,,,,,,,,,,,,,,,,,
262,295,33,266,9.00228E+14,f,16,5,2017,mstgd,,,,,,,,,,,,,,,,,
246,274,28,234,9.00228E+14,f,16,5,2017,mstgd,,,,,,,,,,,,,,,,,
228,259,31,186,9.00228E+14,f,16,5,2017,mstgd,,,,,,,,,,,,,,,,,
198,225,27,137,9.00228E+14,f,16,5,2017,mstgd,,,,,,,,,,,,,,,,,
234,264,30,201,9.00228E+14,f,16,5,2017,mstgd,,,,,,,,,,,,,,,,,
214,228,14,107,9.00228E+14,m,16,5,2017,mstgd,,,,,,,,,,,,,,,,,
216,246,30,148,9.00228E+14,m,16,5,2017,mstgd,,,,,,,,,,,,,,,,,
243,271,28,215,9.00228E+14,?,16,5,2017,mstgd,,,,,,,,,,,,,,,,,
228,255,27,144,9.00228E+14,m,16,5,2017,mstgd,,,,,,,,,,,,,,,,,
254,292,38,249,9.00228E+14,f,16,5,2017,mstgd,,,,,,,,,,,,,,,,,
243,276,33,200,9.00228E+14,f,16,5,2017,mstgd,,,,,,,,,,,,,,,,,
214,241,27,115,9.00228E+14,m,16,5,2017,mstgd,,,,,,,,,,,,,,,,,
225,260,35,145,9.00228E+14,f,16,5,2017,mstgd,,,,,,,,,,,,,,,,,
218,245,27,138,9.00228E+14,m,16,5,2017,mstgd,,,,,,,,,,,,,,,,,
234,261,27,172,9.00228E+14,m,16,5,2017,mstgd,,,,,,,,,,,,,,,,,
208,234,26,92,9.00228E+14,f,16,5,2017,mstgd,,,,,,,,,,,,,,,,,
249,280,31,234,9.00228E+14,f,16,5,2017,mstgd,,,,,,,,,,,,,,,,,
219,250,31,130,9.00228E+14,m,16,5,2017,mstgd,,,,,,,,,,,,,,,,,
248,285,37,224,9.00228E+14,f,16,5,2017,mstgd,,,,,,,,,,,,,,,,,
220,248,28,147,9.00228E+14,f,16,5,2017,mstgd,,,,,,,,,,,,,,,,,
228,265,37,184,9.00228E+14,f,16,5,2017,mstgd,,,,,,,,,,,,,,,,,
256,290,34,226,9.00228E+14,f,16,5,2017,mstgd,,,,,,,,,,,,,,,,,
252,283,31,230,9.00228E+14,f,16,5,2017,mstgd,,,,,,,,,,,,,,,,,
255,285,30,185,9.00228E+14,f,16,5,2017,mstgd,,,,,,,,,,,,,,,,,
229,260,31,171,9.00228E+14,m,16,5,2017,mstgd,,,,,,,,,,,,,,,,,
229,255,26,158,9.00228E+14,m,16,5,2017,mstgd,,,,,,,,,,,,,,,,,
245,274,29,179,9.00228E+14,f,16,5,2017,mstgd,,,,,,,,,,,,,,,,,
245,276,31,187,9.00228E+14,f,16,5,2017,mstgd,,,,,,,,,,,,,,,,,
250,280,30,209,9.00228E+14,m,16,5,2017,mstgd,,,,,,,,,,,,,,,,,
240,270,30,191,9.00228E+14,m,16,5,2017,mstgd,,,,,,,,,,,,,,,,,
255,285,30,253,9.00228E+14,f,16,5,2017,mstgd,,,,,,,,,,,,,,,,,
252,285,33,243,9.00228E+14,f,16,5,2017,mstgd,,,,,,,,,,,,,,,,,
234,262,28,178,9.00228E+14,m,16,5,2017,mstgd,,,,,,,,,,,,,,,,,
245,276,31,226,9.00228E+14,f,16,5,2017,mstgd,,,,,,,,,,,,,,,,,
240,275,35,209,9.00228E+14,f,16,5,2017,mstgd,,,,,,,,,,,,,,,,,
244,280,36,243,9.00228E+14,f,16,5,2017,mstgd,,,,,,,,,,,,,,,,,
245,276,31,222,9.00228E+14,m,16,5,2017,mstgd,,,,,,,,,,,,,,,,,
224,260,36,168,9.00228E+14,m,16,5,2017,mstgd,,,,,,,,,,,,,,,,,
235,265,30,201,9.00228E+14,m,16,5,2017,mstgd,,,,,,,,,,,,,,,,,
238,269,31,182,9.00228E+14,f,16,5,2017,mstgd,,,,,,,,,,,,,,,,,
250,285,35,235,9.00228E+14,f,16,5,2017,mstgd,,,,,,,,,,,,,,,,,
232,264,32,183,9.00228E+14,f,16,5,2017,mstgd,,,,,,,,,,,,,,,,,
241,275,34,191,9.00228E+14,m,16,5,2017,mstgd,,,,,,,,,,,,,,,,,
231,264,33,191,9.00228E+14,f,16,5,2017,mstgd,,,,,,,,,,,,,,,,,
230,261,31,176,9.00228E+14,m,16,5,2017,mstgd,,,,,,,,,,,,,,,,,
260,295,35,176,9.00228E+14,f,16,5,2017,mstgd,,,,,,,,,,,,,,,,,
214,244,30,149,9.00228E+14,f,16,5,2017,mstgd,,,,,,,,,,,,,,,,,
199,230,31,128,9.00228E+14,m,16,5,2017,mstgd,,,,,,,,,,,,,,,,,
235,269,34,193,9.00228E+14,f,16,5,2017,mstgd,,,,,,,,,,,,,,,,,
236,269,33,197,9.00228E+14,m,16,5,2017,mstgd,,,,,,,,,,,,,,,,,
224,250,26,159,9.00228E+14,m,16,5,2017,mstgd,,,,,,,,,,,,,,,,,
253,285,32,246,9.00228E+14,f,16,5,2017,mstgd,,,,,,,,,,,,,,,,,
209,234,25,139,9.00228E+14,m,16,5,2017,mstgd,,,,,,,,,,,,,,,,,
226,259,33,173,9.00228E+14,m,16,5,2017,mstgd,,,,,,,,,,,,,,,,,
237,269,32,224,9.00228E+14,f,16,5,2017,mstgd,,,,,,,,,,,,,,,,,
262,297,35,244,9.00228E+14,f,16,5,2017,mstgd,,,,,,,,,,,,,,,,,
222,254,32,146,9.00228E+14,f,16,5,2017,mstgd,,,,,,,,,,,,,,,,,
215,241,26,133,9.00228E+14,m,16,5,2017,mstgd,,,,,,,,,,,,,,,,,
205,231,26,115,9.00228E+14,m,16,5,2017,mstgd,,,,,,,,,,,,,,,,,
251,294,43,229,9.00228E+14,f,16,5,2017,mstgd,,,,,,,,,,,,,,,,,
215,242,27,190,9.00228E+14,m,16,5,2017,mstgd,,,,,,,,,,,,,,,,,
221,244,23,139,9.00228E+14,f,16,5,2017,mstgd,,,,,,,,,,,,,,,,,
246,274,28,224,9.00228E+14,f,16,5,2017,mstgd,,,,,,,,,,,,,,,,,
245,275,30,226,9.00228E+14,f,16,5,2017,mstgd,,,,,,,,,,,,,,,,,
205,234,29,127,9.00228E+14,m,16,5,2017,mstgd,,,,,,,,,,,,,,,,,
251,289,38,258,9.00228E+14,f,16,5,2017,mstgd,,,,,,,,,,,,,,,,,
225,251,26,167,9.00228E+14,m,16,5,2017,mstgd,,,,,,,,,,,,,,,,,
201,238,37,115,9.00228E+14,m,16,5,2017,mstgd,,,,,,,,,,,,,,,,,
218,245,27,172,9.00228E+14,m,16,5,2017,mstgd,,,,,,,,,,,,,,,,,
241,269,28,204,9.00228E+14,f,16,5,2017,mstgd,,,,,,,,,,,,,,,,,
225,256,31,175,9.00228E+14,m,16,5,2017,mstgd,,,,,,,,,,,,,,,,,
219,254,35,156,9.00228E+14,m,16,5,2017,mstgd,,,,,,,,,,,,,,,,,
219,244,25,151,9.00228E+14,f,16,5,2017,mstgd,,,,,,,,,,,,,,,,,
206,236,30,118,9.00228E+14,m,16,5,2017,mstgd,,,,,,,,,,,,,,,,,
251,281,30,236,9.00228E+14,f,16,5,2017,mstgd,,,,,,,,,,,,,,,,,
231,265,34,200,9.00228E+14,f,16,5,2017,mstgd,,,,,,,,,,,,,,,,,
225,256,31,182,9.00228E+14,f,16,5,2017,mstgd,,,,,,,,,,,,,,,,,
250,285,35,250,9.00228E+14,f,16,5,2017,mstgd,,,,,,,,,,,,,,,,,
245,279,34,240,9.00228E+14,f,16,5,2017,mstgd,,,,,,,,,,,,,,,,,
208,234,26,129,9.00228E+14,f,16,5,2017,mstgd,,,,,,,,,,,,,,,,,
231,259,28,176,9.00228E+14,m,16,5,2017,mstgd,,,,,,,,,,,,,,,,,
245,270,25,211,9.00228E+14,f,16,5,2017,mstgd,,,,,,,,,,,,,,,,,
232,251,19,164,9.00228E+14,m,16,5,2017,mstgd,,,,,,,,,,,,,,,,,
232,269,37,184,9.00228E+14,m,16,5,2017,mstgd,,,,,,,,,,,,,,,,,
244,271,27,218,9.00228E+14,f,16,5,2017,mstgd,,,,,,,,,,,,,,,,,
211,238,27,138,9.00228E+14,m,16,5,2017,mstgd,,,,,,,,,,,,,,,,,
195,224,29,110,9.00228E+14,m,16,5,2017,mstgd,,,,,,,,,,,,,,,,,
209,239,30,127,9.00228E+14,m,16,5,2017,mstgd,,,,,,,,,,,,,,,,,
231,264,33,189,9.00228E+14,m,16,5,2017,mstgd,,,,,,,,,,,,,,,,,
231,253,22,173,9.00228E+14,f,16,5,2017,mstgd,,,,,,,,,,,,,,,,,
215,239,24,134,9.00228E+14,m,16,5,2017,mstgd,,,,,,,,,,,,,,,,,
259,284,25,246,9.00228E+14,f,16,5,2017,mstgd,,,,,,,,,,,,,,,,,
254,282,28,237,9.00228E+14,f,16,5,2017,mstgd,,,,,,,,,,,,,,,,,
249,279,30,198,9.00228E+14,f,16,5,2017,mstgd,,,,,,,,,,,,,,,,,
234,259,25,170,9.00228E+14,m,16,5,2017,mstgd,,,,,,,,,,,,,,,,,
236,257,21,183,9.00228E+14,m,16,5,2017,mstgd,,,,,,,,,,,,,,,,,
245,278,33,220,9.00228E+14,f,16,5,2017,mstgd,,,,,,,,,,,,,,,,,
231,262,31,147,9.00228E+14,m,16,5,2017,mstgd,,,,,,,,,,,,,,,,,
251,284,33,216,9.00228E+14,f,16,5,2017,mstgd,,,,,,,,,,,,,,,,,
244,268,24,202,9.00228E+14,f,16,5,2017,mstgd,,,,,,,,,,,,,,,,,
216,244,28,139,9.00228E+14,f,16,5,2017,mstgd,,,,,,,,,,,,,,,,,
241,267,26,207,9.00228E+14,f,16,5,2017,mstgd,,,,,,,,,,,,,,,,,
244,274,30,252,9.00228E+14,f,16,5,2017,mstgd,,,,,,,,,,,,,,,,,
218,251,33,190,9.00228E+14,m,16,5,2017,mstgd,,,,,,,,,,,,,,,,,
236,265,29,227,9.00228E+14,f,16,5,2017,mstgd,,,,,,,,,,,,,,,,,
248,270,22,226,9.00228E+14,f,16,5,2017,mstgd,,,,,,,,,,,,,,,,,
258,280,22,242,9.00228E+14,f,16,5,2017,mstgd,,,,,,,,,,,,,,,,,
241,264,23,213,9.00228E+14,f,16,5,2017,mstgd,,,,,,,,,,,,,,,,,
208,232,24,129,9.00228E+14,f,16,5,2017,mstgd,,,,,,,,,,,,,,,,,
208,234,26,123,9.00228E+14,f,16,5,2017,mstgd,,,,,,,,,,,,,,,,,
200,230,30,123,9.00228E+14,m,16,5,2017,mstgd,,,,,,,,,,,,,,,,,
210,230,20,138,9.00228E+14,m,16,5,2017,mstgd,,,,,,,,,,,,,,,,,
230,260,30,187,9.00228E+14,m,16,5,2017,mstgd,,,,,,,,,,,,,,,,,
235,260,25,211,9.00228E+14,m,16,5,2017,mstgd,,,,,,,,,,,,,,,,,
243,268,25,213,9.00228E+14,m,16,5,2017,mstgd,,,,,,,,,,,,,,,,,
238,266,28,206,9.00228E+14,f,16,5,2017,mstgd,,,,,,,,,,,,,,,,,
251,281,30,209,9.00228E+14,f,16,5,2017,mstgd,,,,,,,,,,,,,,,,,
239,264,25,193,9.00228E+14,m,16,5,2017,mstgd,,,,,,,,,,,,,,,,,
250,275,25,251,9.00228E+14,f,16,5,2017,mstgd,,,,,,,,,,,,,,,,,
254,285,31,256,9.00228E+14,f,16,5,2017,mstgd,,,,,,,,,,,,,,,,,
225,253,28,191,9.00228E+14,m,16,5,2017,mstgd,,,,,,,,,,,,,,,,,
235,266,31,186,9.00228E+14,m,16,5,2017,mstgd,,,,,,,,,,,,,,,,,
255,286,31,245,9.00228E+14,f,16,5,2017,mstgd,,,,,,,,,,,,,,,,,
244,276,32,217,9.00228E+14,f,16,5,2017,mstgd,,,,,,,,,,,,,,,,,
215,245,30,145,9.00228E+14,?,16,5,2017,mstgd,,,,,,,,,,,,,,,,,
209,235,26,132,9.00228E+14,m,16,5,2017,mstgd,,,,,,,,,,,,,,,,,
232,261,29,204,9.00228E+14,m,16,5,2017,mstgd,,,,,,,,,,,,,,,,,
219,245,26,155,9.00228E+14,m,16,5,2017,mstgd,,,,,,,,,,,,,,,,,
251,282,31,228,9.00228E+14,f,16,5,2017,mstgd,,,,,,,,,,,,,,,,,
230,263,33,186,9.00228E+14,m,16,5,2017,mstgd,,,,,,,,,,,,,,,,,
210,240,30,127,9.00228E+14,f,16,5,2017,mstgd,,,,,,,,,,,,,,,,,
218,251,33,151,9.00228E+14,m,16,5,2017,mstgd,,,,,,,,,,,,,,,,,
252,275,23,220,9.00228E+14,f,16,5,2017,mstgd,,,,,,,,,,,,,,,,,
250,280,30,246,9.00228E+14,f,16,5,2017,mstgd,,,,,,,,,,,,,,,,,
210,239,29,142,9.00228E+14,m,16,5,2017,mstgd,,,,,,,,,,,,,,,,,
212,245,33,127,9.00228E+14,f,19,5,2017,mstgd,,,,,,,,,,,,,,,,,
233,255,22,139,9.00228E+14,m,19,5,2017,mstgd,,,,,,,,,,,,,,,,,
242,270,28,189,9.00228E+14,m,19,5,2017,mstgd,,,,,,,,,,,,,,,,,
199,224,25,107,9.00228E+14,m,19,5,2017,mstgd,,,,,,,,,,,,,,,,,
204,231,27,106,9.00228E+14,m,19,5,2017,mstgd,,,,,,,,,,,,,,,,,
244,279,35,202,9.00228E+14,m,19,5,2017,mstgd,,,,,,,,,,,,,,,,,
212,241,29,136,9.00228E+14,f,19,5,2017,mstgd,,,,,,,,,,,,,,,,,
248,282,34,208,9.00228E+14,f,19,5,2017,mstgd,,,,,,,,,,,,,,,,,
226,252,26,137,9.00228E+14,m,19,5,2017,mstgd,,,,,,,,,,,,,,,,,
220,250,30,143,9.00228E+14,f,19,5,2017,mstgd,,,,,,,,,,,,,,,,,
221,249,28,162,9.00228E+14,m,19,5,2017,mstgd,,,,,,,,,,,,,,,,,
239,270,31,189,9.00228E+14,m,19,5,2017,mstgd,,,,,,,,,,,,,,,,,
240,269,29,228,9.00228E+14,m,19,5,2017,mstgd,,,,,,,,,,,,,,,,,
252,291,39,252,9.00228E+14,f,19,5,2017,mstgd,,,,,,,,,,,,,,,,,
228,252,24,168,9.00228E+14,f,19,5,2017,mstgd,,,,,,,,,,,,,,,,,
251,287,36,287,9.00228E+14,f,19,5,2017,mstgd,,,,,,,,,,,,,,,,,
246,278,32,197,9.00228E+14,na,19,5,2017,mstgd,,,,,,,,,,,,,,,,,
250,284,34,202,9.00228E+14,f,19,5,2017,mstgd,,,,,,,,,,,,,,,,,
219,248,29,147,9.00228E+14,m,19,5,2017,mstgd,,,,,,,,,,,,,,,,,
258,288,30,264,9.00228E+14,f,19,5,2017,mstgd,,,,,,,,,,,,,,,,,
234,258,24,172,9.00228E+14,f,19,5,2017,mstgd,,,,,,,,,,,,,,,,,
249,285,36,245,9.00228E+14,f,19,5,2017,mstgd,,,,,,,,,,,,,,,,,
250,281,31,219,9.00228E+14,m,19,5,2017,mstgd,,,,,,,,,,,,,,,,,
245,272,27,209,9.00228E+14,m,19,5,2017,mstgd,,,,,,,,,,,,,,,,,
238,269,31,206,9.00228E+14,f,19,5,2017,mstgd,,,,,,,,,,,,,,,,,
255,285,30,232,9.00228E+14,f,19,5,2017,mstgd,,,,,,,,,,,,,,,,,
256,288,32,264,9.00228E+14,f,19,5,2017,mstgd,,,,,,,,,,,,,,,,,
231,258,27,182,9.00228E+14,m,19,5,2017,mstgd,,,,,,,,,,,,,,,,,
244,279,35,210,9.00228E+14,f,19,5,2017,mstgd,,,,,,,,,,,,,,,,,
215,246,31,249,9.00228E+14,f,19,5,2017,mstgd,,,,,,,,,,,,,,,,,
224,251,27,188,9.00228E+14,m,19,5,2017,mstgd,,,,,,,,,,,,,,,,,
210,236,26,134,9.00228E+14,m,19,5,2017,mstgd,,,,,,,,,,,,,,,,,
252,289,37,245,9.00228E+14,f,19,5,2017,mstgd,,,,,,,,,,,,,,,,,
214,240,26,138,9.00228E+14,m,19,5,2017,mstgd,,,,,,,,,,,,,,,,,
206,234,28,149,9.00228E+14,m,19,5,2017,mstgd,,,,,,,,,,,,,,,,,
224,251,27,148,9.00228E+14,m,19,5,2017,mstgd,,,,,,,,,,,,,,,,,
250,284,34,242,9.00228E+14,m,19,5,2017,mstgd,,,,,,,,,,,,,,,,,
208,231,23,129,9.00228E+14,m,19,5,2017,mstgd,,,,,,,,,,,,,,,,,
213,244,31,136,9.00228E+14,m,19,5,2017,mstgd,,,,,,,,,,,,,,,,,
235,262,27,152,9.00228E+14,m,19,5,2017,mstgd,,,,,,,,,,,,,,,,,
243,272,29,241,9.00228E+14,f,19,5,2017,mstgd,,,,,,,,,,,,,,,,,
239,270,31,212,9.00228E+14,f,19,5,2017,mstgd,,,,,,,,,,,,,,,,,
220,253,33,219,9.00228E+14,f,19,5,2017,mstgd,,,,,,,,,,,,,,,,,
250,284,34,204,9.00228E+14,f,19,5,2017,mstgd,,,,,,,,,,,,,,,,,
206,230,24,122,9.00228E+14,m,19,5,2017,mstgd,,,,,,,,,,,,,,,,,
209,237,28,115,9.00228E+14,m,19,5,2017,mstgd,,,,,,,,,,,,,,,,,
250,284,34,243,9.00228E+14,f,19,5,2017,mstgd,,,,,,,,,,,,,,,,,
245,276,31,243,9.00228E+14,f,19,5,2017,mstgd,,,,,,,,,,,,,,,,,
205,234,29,126,9.00228E+14,m,19,5,2017,mstgd,,,,,,,,,,,,,,,,,
244,271,27,234,9.00228E+14,m,19,5,2017,mstgd,,,,,,,,,,,,,,,,,
205,227,22,140,9.00228E+14,m,19,5,2017,mstgd,,,,,,,,,,,,,,,,,
235,270,35,215,9.00228E+14,f,19,5,2017,mstgd,,,,,,,,,,,,,,,,,
206,235,29,130,9.00228E+14,m,19,5,2017,mstgd,,,,,,,,,,,,,,,,,
247,282,35,221,9.00228E+14,f,19,5,2017,mstgd,,,,,,,,,,,,,,,,,
223,254,31,154,9.00228E+14,m,19,5,2017,mstgd,,,,,,,,,,,,,,,,,
205,236,31,122,9.00228E+14,m,19,5,2017,mstgd,,,,,,,,,,,,,,,,,
220,245,25,144,9.00228E+14,m,19,5,2017,mstgd,,,,,,,,,,,,,,,,,
238,267,29,207,9.00228E+14,f,19,5,2017,mstgd,,,,,,,,,,,,,,,,,
208,232,24,114,9.00228E+14,m,19,5,2017,mstgd,,,,,,,,,,,,,,,,,
195,220,25,97,9.00228E+14,m,19,5,2017,mstgd,,,,,,,,,,,,,,,,,
225,257,32,162,9.00228E+14,m,19,5,2017,mstgd,,,,,,,,,,,,,,,,,
205,234,29,116,9.00228E+14,m,19,5,2017,mstgd,,,,,,,,,,,,,,,,,
245,275,30,215,9.00228E+14,m,19,5,2017,mstgd,,,,,,,,,,,,,,,,,
250,282,32,242,9.00228E+14,f,19,5,2017,mstgd,,,,,,,,,,,,,,,,,
238,270,32,180,9.00228E+14,f,19,5,2017,mstgd,,,,,,,,,,,,,,,,,
238,270,32,192,9.00228E+14,f,19,5,2017,mstgd,,,,,,,,,,,,,,,,,
235,264,29,187,9.00228E+14,m,19,5,2017,mstgd,,,,,,,,,,,,,,,,,
240,270,30,202,9.00228E+14,f,19,5,2017,mstgd,,,,,,,,,,,,,,,,,
236,261,25,193,9.00228E+14,f,19,5,2017,mstgd,,,,,,,,,,,,,,,,,
210,237,27,133,9.00228E+14,f,19,5,2017,mstgd,,,,,,,,,,,,,,,,,
224,250,26,147,9.00228E+14,f,19,5,2017,mstgd,,,,,,,,,,,,,,,,,
229,259,30,169,9.00228E+14,m,19,5,2017,mstgd,,,,,,,,,,,,,,,,,
209,238,29,149,9.00228E+14,f,19,5,2017,mstgd,,,,,,,,,,,,,,,,,
228,258,30,153,9.00228E+14,m,19,5,2017,mstgd,,,,,,,,,,,,,,,,,
233,260,27,178,9.00228E+14,m,19,5,2017,mstgd,,,,,,,,,,,,,,,,,
211,240,29,136,9.00228E+14,m,19,5,2017,mstgd,,,,,,,,,,,,,,,,,
215,250,35,148,9.00228E+14,f,19,5,2017,mstgd,,,,,,,,,,,,,,,,,
244,275,31,197,9.00228E+14,f,19,5,2017,mstgd,,,,,,,,,,,,,,,,,
206,231,25,108,9.00228E+14,m,19,5,2017,mstgd,,,,,,,,,,,,,,,,,
238,270,32,296,9.00228E+14,m,19,5,2017,mstgd,,,,,,,,,,,,,,,,,
252,291,39,251,9.00228E+14,f,19,5,2017,mstgd,,,,,,,,,,,,,,,,,
198,224,26,85,9.00228E+14,m,19,5,2017,mstgd,,,,,,,,,,,,,,,,,
225,256,31,171,9.00228E+14,m,19,5,2017,mstgd,,,,,,,,,,,,,,,,,
256,297,41,252,9.00228E+14,f,19,5,2017,mstgd,,,,,,,,,,,,,,,,,
240,272,32,179,9.00228E+14,f,19,5,2017,mstgd,,,,,,,,,,,,,,,,,
242,275,33,164,9.00228E+14,m,19,5,2017,mstgd,,,,,,,,,,,,,,,,,
225,263,38,172,9.00228E+14,m,19,5,2017,mstgd,,,,,,,,,,,,,,,,,
239,262,23,183,9.00228E+14,f,19,5,2017,mstgd,,,,,,,,,,,,,,,,,
206,235,29,126,9.00228E+14,f,19,5,2017,mstgd,,,,,,,,,,,,,,,,,
241,272,31,234,9.00228E+14,f,19,5,2017,mstgd,,,,,,,,,,,,,,,,,
225,250,25,168,9.00228E+14,m,19,5,2017,mstgd,,,,,,,,,,,,,,,,,
254,291,37,243,9.00228E+14,f,19,5,2017,mstgd,,,,,,,,,,,,,,,,,
227,258,31,178,9.00228E+14,f,19,5,2017,mstgd,,,,,,,,,,,,,,,,,
257,283,26,192,9.00228E+14,f,19,5,2017,mstgd,,,,,,,,,,,,,,,,,
236,269,33,190,9.00228E+14,m,19,5,2017,mstgd,,,,,,,,,,,,,,,,,
245,282,37,216,9.00228E+14,f,19,5,2017,mstgd,,,,,,,,,,,,,,,,,
229,257,28,171,9.00228E+14,m,19,5,2017,mstgd,,,,,,,,,,,,,,,,,
244,276,32,236,9.00228E+14,f,24,5,2017,mstgd,,,,,,,,,,,,,,,,,
197,226,29,117,9.00228E+14,m,24,5,2017,mstgd,,,,,,,,,,,,,,,,,
210,239,29,130,9.00228E+14,m,24,5,2017,mstgd,,,,,,,,,,,,,,,,,
205,238,33,132,9.00228E+14,m,24,5,2017,mstgd,,,,,,,,,,,,,,,,,
203,232,29,122,9.00228E+14,f,24,5,2017,mstgd,,,,,,,,,,,,,,,,,
221,254,33,178,9.00228E+14,m,24,5,2017,mstgd,,,,,,,,,,,,,,,,,
251,284,33,218,9.00228E+14,F,24,5,2017,mstgd,,,,,,,,,,,,,,,,,
201,227,26,120,9.00228E+14,m,24,5,2017,mstgd,,,,,,,,,,,,,,,,,
229,261,32,166,9.00228E+14,m,24,5,2017,mstgd,,,,,,,,,,,,,,,,,
235,270,35,203,9.00228E+14,f,24,5,2017,mstgd,,,,,,,,,,,,,,,,,
215,249,34,163,9.00228E+14,m,24,5,2017,mstgd,,,,,,,,,,,,,,,,,
225,258,33,180,9.00228E+14,f,24,5,2017,mstgd,,,,,,,,,,,,,,,,,
229,265,36,148,9.00228E+14,f,24,5,2017,mstgd,,,,,,,,,,,,,,,,,
232,264,32,182,9.00228E+14,m,24,5,2017,mstgd,,,,,,,,,,,,,,,,,
202,236,34,124,9.00228E+14,m,24,5,2017,mstgd,,,,,,,,,,,,,,,,,
210,236,26,100,9.00228E+14,m,24,5,2017,mstgd,,,,,,,,,,,,,,,,,
216,251,35,146,9.00228E+14,f,24,5,2017,mstgd,,,,,,,,,,,,,,,,,
225,256,31,183,9.00228E+14,f,24,5,2017,mstgd,,,,,,,,,,,,,,,,,
246,271,25,219,9.00228E+14,f,24,5,2017,mstgd,,,,,,,,,,,,,,,,,
204,232,28,126,9.00228E+14,m,24,5,2017,mstgd,,,,,,,,,,,,,,,,,
235,274,39,186,9.00228E+14,f,24,5,2017,mstgd,,,,,,,,,,,,,,,,,
214,243,29,155,9.00228E+14,m,24,5,2017,mstgd,,,,,,,,,,,,,,,,,
245,279,34,231,9.00228E+14,f,24,5,2017,mstgd,,,,,,,,,,,,,,,,,
224,251,27,174,9.00228E+14,f,24,5,2017,mstgd,,,,,,,,,,,,,,,,,
265,300,35,263,9.00228E+14,f,24,5,2017,mstgd,,,,,,,,,,,,,,,,,
215,244,29,142,9.00228E+14,m,24,5,2017,mstgd,,,,,,,,,,,,,,,,,
204,231,27,123,9.00228E+14,m,24,5,2017,mstgd,,,,,,,,,,,,,,,,,
225,259,34,184,9.00228E+14,m,24,5,2017,mstgd,,,,,,,,,,,,,,,,,
206,231,25,129,9.00228E+14,m,24,5,2017,mstgd,,,,,,,,,,,,,,,,,
230,260,30,199,9.00228E+14,m,24,5,2017,mstgd,,,,,,,,,,,,,,,,,
241,280,39,238,9.00228E+14,f,24,5,2017,mstgd,,,,,,,,,,,,,,,,,
210,240,30,122,9.00228E+14,m,24,5,2017,mstgd,,,,,,,,,,,,,,,,,
203,231,28,115,9.00228E+14,m,24,5,2017,mstgd,,,,,,,,,,,,,,,,,
265,299,34,254,9.00228E+14,f,24,5,2017,mstgd,,,,,,,,,,,,,,,,,
211,240,29,127,9.00228E+14,m,24,5,2017,mstgd,,,,,,,,,,,,,,,,,
211,243,32,133,9.00228E+14,m,24,5,2017,mstgd,,,,,,,,,,,,,,,,,
257,291,34,233,9.00228E+14,f,24,5,2017,mstgd,,,,,,,,,,,,,,,,,
216,245,29,158,9.00228E+14,f,24,5,2017,mstgd,,,,,,,,,,,,,,,,,
250,280,30,235,9.00228E+14,f,24,5,2017,mstgd,,,,,,,,,,,,,,,,,
227,261,34,166,9.00228E+14,m,24,5,2017,mstgd,,,,,,,,,,,,,,,,,
235,271,36,211,9.00228E+14,f,24,5,2017,mstgd,,,,,,,,,,,,,,,,,
185,217,32,96,9.00228E+14,m,24,5,2017,mstgd,,,,,,,,,,,,,,,,,
189,216,27,97,9.00228E+14,m,24,5,2017,mstgd,,,,,,,,,,,,,,,,,
203,231,28,119,9.00228E+14,m,24,5,2017,mstgd,,,,,,,,,,,,,,,,,
243,276,33,220,9.00228E+14,m,24,5,2017,mstgd,,,,,,,,,,,,,,,,,
245,284,39,214,9.00228E+14,f,24,5,2017,mstgd,,,,,,,,,,,,,,,,,
253,287,34,229,9.00228E+14,f,24,5,2017,mstgd,,,,,,,,,,,,,,,,,
223,256,33,174,9.00228E+14,f,24,5,2017,mstgd,,,,,,,,,,,,,,,,,
243,275,32,214,9.00228E+14,m,24,5,2017,mstgd,,,,,,,,,,,,,,,,,
205,232,27,126,9.00228E+14,m,24,5,2017,mstgd,,,,,,,,,,,,,,,,,
226,260,34,185,9.00228E+14,f,24,5,2017,mstgd,,,,,,,,,,,,,,,,,
204,235,31,125,9.00228E+14,m,24,5,2017,mstgd,,,,,,,,,,,,,,,,,
260,295,35,282,9.00228E+14,f,24,5,2017,mstgd,,,,,,,,,,,,,,,,,
250,283,33,239,9.00228E+14,f,24,5,2017,mstgd,,,,,,,,,,,,,,,,,
248,283,35,206,9.00228E+14,m,24,5,2017,mstgd,,,,,,,,,,,,,,,,,
237,274,37,212,9.00228E+14,f,24,5,2017,mstgd,,,,,,,,,,,,,,,,,
246,285,39,220,9.00228E+14,f,24,5,2017,mstgd,,,,,,,,,,,,,,,,,
235,271,36,192,9.00228E+14,f,24,5,2017,mstgd,,,,,,,,,,,,,,,,,
217,248,31,148,9.00228E+14,f,24,5,2017,mstgd,,,,,,,,,,,,,,,,,
253,285,32,264,9.00228E+14,f,24,5,2017,mstgd,,,,,,,,,,,,,,,,,
230,261,31,182,9.00228E+14,m,24,5,2017,mstgd,,,,,,,,,,,,,,,,,
241,275,34,190,9.00228E+14,m,24,5,2017,mstgd,,,,,,,,,,,,,,,,,
217,249,32,140,9.00228E+14,m,24,5,2017,mstgd,,,,,,,,,,,,,,,,,
245,276,31,232,9.00228E+14,f,24,5,2017,mstgd,,,,,,,,,,,,,,,,,
251,284,33,220,9.00228E+14,f,24,5,2017,mstgd,,,,,,,,,,,,,,,,,
205,237,32,116,9.00228E+14,m,24,5,2017,mstgd,,,,,,,,,,,,,,,,,
245,270,25,191,9.00228E+14,m,24,5,2017,mstgd,,,,,,,,,,,,,,,,,
261,297,36,307,9.00228E+14,f,24,5,2017,mstgd,,,,,,,,,,,,,,,,,
230,262,32,190,9.00228E+14,m,24,5,2017,mstgd,,,,,,,,,,,,,,,,,
244,277,33,230,9.00228E+14,f,24,5,2017,mstgd,,,,,,,,,,,,,,,,,
191,217,26,96,9.00228E+14,m,24,5,2017,mstgd,,,,,,,,,,,,,,,,,
228,265,37,182,9.00228E+14,m,24,5,2017,mstgd,,,,,,,,,,,,,,,,,
230,262,32,159,9.00228E+14,f,24,5,2017,mstgd,,,,,,,,,,,,,,,,,
211,241,30,120,9.00228E+14,f,24,5,2017,mstgd,,,,,,,,,,,,,,,,,
221,255,34,168,9.00228E+14,f,24,5,2017,mstgd,,,,,,,,,,,,,,,,,
245,283,38,219,9.00228E+14,f,24,5,2017,mstgd,,,,,,,,,,,,,,,,,
205,237,32,134,9.00228E+14,m,24,5,2017,mstgd,,,,,,,,,,,,,,,,,
222,255,33,162,9.00228E+14,m,24,5,2017,mstgd,,,,,,,,,,,,,,,,,
245,285,40,218,9.00228E+14,f,24,5,2017,mstgd,,,,,,,,,,,,,,,,,
236,271,35,167,9.00228E+14,m,24,5,2017,mstgd,,,,,,,,,,,,,,,,,
210,237,27,133,9.00228E+14,f,24,5,2017,mstgd,,,,,,,,,,,,,,,,,
259,291,32,253,9.00228E+14,f,24,5,2017,mstgd,,,,,,,,,,,,,,,,,
207,234,27,119,9.00228E+14,m,24,5,2017,mstgd,,,,,,,,,,,,,,,,,
215,247,32,146,9.00228E+14,f,24,5,2017,mstgd,,,,,,,,,,,,,,,,,
230,261,31,176,9.00228E+14,m,24,5,2017,mstgd,,,,,,,,,,,,,,,,,
201,228,27,96,9.00228E+14,m,24,5,2017,mstgd,,,,,,,,,,,,,,,,,
210,241,31,137,9.00228E+14,m,24,5,2017,mstgd,,,,,,,,,,,,,,,,,
195,223,28,104,9.00228E+14,f,24,5,2017,mstgd,,,,,,,,,,,,,,,,,
274,301,27,331,9.00228E+14,f,24,5,2017,mstgd,,,,,,,,,,,,,,,,,
246,283,37,221,9.00228E+14,f,24,5,2017,mstgd,,,,,,,,,,,,,,,,,
260,295,35,245,9.00228E+14,f,24,5,2017,mstgd,,,,,,,,,,,,,,,,,
250,285,35,193,9.00228E+14,m,24,5,2017,mstgd,,,,,,,,,,,,,,,,,
266,305,39,210,9.00228E+14,f,24,5,2017,mstgd,,,,,,,,,,,,,,,,,
231,262,31,178,9.00228E+14,f,24,5,2017,mstgd,,,,,,,,,,,,,,,,,
204,235,31,127,9.00228E+14,m,24,5,2017,mstgd,,,,,,,,,,,,,,,,,
240,274,34,230,9.00228E+14,f,24,5,2017,mstgd,,,,,,,,,,,,,,,,,
236,267,31,179,9.00228E+14,f,24,5,2017,mstgd,,,,,,,,,,,,,,,,,
211,239,28,145,9.00228E+14,m,11,5,2017,mstgd,,,,,,,,,,,,,,,,,
238,266,28,244,9.00228E+14,f,14,5,2017,mstgd,,,,,,,,,,,,,,,,,
224,241,17,154,9.00228E+14,f,16,5,2017,mstgd,,,,,,,,,,,,,,,,,
222,254,32,157,9.00228E+14,m,16,5,2017,mstgd,,,,,,,,,,,,,,,,,
240,271,31,193,9.00228E+14,f,19,5,2017,mstgd,,,,,,,,,,,,,,,,,
205,232,27,127,9.00228E+14,m,19,5,2017,mstgd,,,,,,,,,,,,,,,,,
226,258,32,163,9.00228E+14,m,19,5,2017,mstgd,,,,,,,,,,,,,,,,,
235,264,29,180,9.00228E+14,m,19,5,2017,mstgd,,,,,,,,,,,,,,,,,
230,265,35,199,9.00228E+14,f,24,5,2017,mstgd,,,,,,,,,,,,,,,,,
236,269,33,162,9.00228E+14,f,24,5,2017,mstgd,,,,,,,,,,,,,,,,,
